slug,recall_number,report_date,classification,status,recalling_firm,distribution_states,product
ahi-tuna,H-0023-2026,2025-10-15,Class I,Terminated,Western United Fish Company Inc,"Product was sold in the following states: AK, AL, AR, CO, CT, DE, FL, GA, IA, ID, IL, IN, KY, LA, MA, MD, ME, MI, MN, M…","Kirkland Signature brand Ahi Tuna Wasabi Poke, Costco #17193, net wt. 1lb. Product is packaged in clear plastic clamshell container and sold to consumers."
almond,H-0394-2026,2026-01-21,Class II,Ongoing,Sanders Candy Factory Inc,"Product was distributed to one customer. Problem was identified by customer, and no affected product was distributed to…",Frosted Almond; 20 lbs (bulk); No UPC# Bulk Product Code: 23208
almond,H-0007-2026,2025-10-08,Class III,Ongoing,Gina Marie Bakery LLC,Firm notified FDA of recall initiated by state of CT on 09/10/25. A copy of CT press release was requested for posting …,Toasted Almond & Cherry Biscotti
almond,F-0927-2025,2025-06-11,Class I,Terminated,"Rocky Mountain Chocolate Factory, Inc.",Will be provided when available.,"Nuts, Almonds DR Diced, LB. Diced Almonds. Bulk (Plastic bag inside corrugated box) Net Wt: 18.5lbs. UPC: 660-1300203. Firm Name & Address Listed on Label: RMCF 265 Turner Dr, Dur…"
almond,F-0571-2025,2025-02-26,Class II,Terminated,United Natural Trading Inc. dba Woodstock Farms,"The recalled product was distributed to the following states : PA, VA, NY,","Wegmans, Organic Almonds Dry Roasted Salted, 12oz clear bag, 12 bags per case."
almond,F-1645-2024,2024-08-14,Class I,Terminated,Bazzini LLC,Distributed to consignee in NY,Bazzini Raw Almond Butter Net Wt. 16 oz (454g) UPC Code 7506284009. Packaged in clear plastic jars with plastic white lids. 12 jars per case
almond,F-1412-2023,2023-08-23,Class III,Terminated,Dilettante Chocolates Inc,Distributed to firm's retail store locations in WA,"Dilettante Mocha Cafe brand Praline Bulk Truffles, perishable, sold individual pieces out of retail display cases. The display placard declares milk, pecans, and almonds in the in…"
almond,F-1415-2023,2023-08-23,Class III,Terminated,Dilettante Chocolates Inc,Distributed to firm's retail store locations in WA,"Dilettante Mocha Cafe brand Rheingold Milk Bulk Toffee, perishable, sold individual pieces out of retail display cases. The display placard declares milk, pecans, and almonds in t…"
almond,F-1414-2023,2023-08-23,Class III,Terminated,Dilettante Chocolates Inc,Distributed to firm's retail store locations in WA,"Dilettante Mocha Cafe brand Rheingold Dark Bulk Toffees, perishable, sold individual pieces out of retail display cases. The display placard declares butter, pecans, and almonds i…"
almond,F-1314-2023,2023-08-09,Class II,Terminated,"Houston Pecan Company, Inc",Texas and internet sales,Whole Natural Almonds packaged in 5 pound bag; Whole Blanched Almonds packaged in 5 pound bag; Sliced Blanched Almonds packaged in 5 pound bag; Sliced Natural Almonds packaged in …
almond,F-1340-2023,2023-08-09,Class II,Terminated,"Houston Pecan Company, Inc",Texas and internet sales,"Breakfast Treats, Sliced Almonds, Walnuts & Dark Raisins packaged in 5 pound bags"
almond,F-1343-2023,2023-08-09,Class II,Terminated,"Houston Pecan Company, Inc",Texas and internet sales,"Sweet & Salty Mix, Rst & Salted Peanuts, Rst & Salted Cashews, Raisins, Cranberries, Sunflower Seeds, Pumpkin Seeds, Sliced Almonds packaged in 5 pound bags"
almond,F-0855-2023,2023-05-17,Class II,Terminated,Windy Hill Chocolate LLC,Domestic consignee only.,Pear Almond
almond,F-0119-2024,2023-03-22,Class I,Terminated,"FRESH IDEATION FOOD GROUP, LLC dba Fresh Creative Cuisine","The recalled product was distributed to the following states: MD, PA, DE, NY, DC, NJ, NC, CT, SC, VA, MA .","Fresh Creative Cuisine Tan Label, Grapes, Almond, Cheese & Pretzel Tray, Net Wt. 6 Oz. Single Serving, Keep refrigerated"
almond,F-0121-2024,2023-03-22,Class I,Terminated,"FRESH IDEATION FOOD GROUP, LLC dba Fresh Creative Cuisine","The recalled product was distributed to the following states: MD, PA, DE, NY, DC, NJ, NC, CT, SC, VA, MA .","Quick & Fresh, Grapes, Almond, Cheese & Pretzel Tray, Net Wt. 6 Oz. Single Serving, Keep refrigerated"
almond,F-1746-2022,2022-09-28,Class II,Terminated,J & N Nut Products Inc.,U.S. distribution to the following: CA. No foreign distribution.,Golden Pacific California Shelled Almonds Sliced Almonds 25 LBS. NET WEIGHT Store away from heat Cold storage recommended 32-40F
almond,F-1559-2022,2022-08-24,Class I,Terminated,Blue Diamond Growers,"U.S distribution to the following California, Colorado, and Illinois Foreign distribution to the following: Germany, Mo…",Whole Brown Almonds (bulk)
almond,F-1262-2022,2022-06-15,Class II,Terminated,Power Selles Imports dba Culinary Collective,Distributed in Oregon.,"Valencian Almonds with TRUFFLE FS distributed in bulk case, each case contains 2/11 lbs. bags. Net Wt. per case 22 lbs. Product is shelf stable. The label of the bulk case is read…"
almond,F-1058-2022,2022-05-18,Class I,Terminated,Power Selles Imports dba Culinary Collective,"Distributed in CO, MT, NY, and OR.","Valencian Almonds FS Skinless, MZ502, packaged in bulk package 5 KG. Net Wt. 352 oz./22 lb. (2 bags @ 11 lb.). UPC 5 901234 123457. Ingredients: Valencian Almonds, sunflower oil, …"
apple,H-0555-2026,2026-03-18,Class I,Ongoing,Made Fresh Salads Inc,New York,Made Fresh Salads brand Apple Cinnamon Cream Cheese; 5 lb white plastic tub
apple,H-0556-2026,2026-03-18,Class I,Ongoing,Made Fresh Salads Inc,New York,Made Fresh Salads brand Caramel Apple Cream Cheese; 5 lb white plastic tub
apple,H-0134-2026,2025-10-22,Class II,Ongoing,Sprout Organics Inc.,"U.S. States: AZ, CA, CO, CT, FL, GA, HI, ID, IN, KY, LA, MA, MD, MI, MO, MS, MT, NC, NE, NH, NJ, NM, NV, NY, OH, PA, RI…","6+ Months SPROUT ORGANICS Made With Organic Sweet Potato, Apple & Spinach NET WT. 3.5 OZ (99g) INGREDIENTS: ORGANIC SWEET POTATOES, ORGANIC APPLES, ORGANIC SPINACH, WATER, ORGANIC…"
apple,F-0251-2025,2024-12-11,Class II,Ongoing,Apple Wedge LLC,"Products were shipped to GA, NC, SC and FL.","No Preservatives 100% CIDER Pasteurized APPLE WEDGE CIDER 1/2 Gal. (1.89L) HENDERSONVILLE, NC 28792 Keep Refrigerated Produce of USA UPC 0 36482 64000 7"
apple,F-0250-2025,2024-12-11,Class II,Ongoing,Apple Wedge LLC,"Products were shipped to GA, NC, SC and FL.","Cinnamon Pasteurized APPLE WEDGE CIDER 1/2 Gal. (1.89L) HENDERSONVILLE, NC 28792 Keep Refrigerated Produce of USA Ingredients: Apples, Natural Cinnamon Flavor. 0.1% Potassium Sorb…"
apple,F-0059-2025,2024-10-30,Class II,Terminated,"Youngstown Grape Distributors, Inc.","CA, TX, WA, KY, NC, NY, IL, VA, AL, GA, KS, CT, MI, MA, PA, OH, MD, WI, ND, MO, TN, NE, KS, RI, MN, FL, SC, IN, NJ, IA,…","Happy Moose Juice Strawberry Field packaged in a plastic 12 fl. oz. bottle. Ingredients: Organic Apple Juice, Organic Orange Juice, Organic Strawberry Puree, Organic Beet Juice, O…"
apple,F-1220-2024,2024-05-15,Class II,Terminated,S Martinelli & Company,"U.S. distribution to the following: AL, AR, AZ, CA, CO, FL, GA, IA, ID, IL, IN, KS, KY, LA, MD, MI, MN, MO, MS, NC, NH,…",Martinelli's Gold Medal Apple Juice From U.S. Grown Fresh Apples 1 Liter (33.8 fl oz.) No Additives of Any Kind UPC 0 00 41244 00102 6
apple,F-0633-2024,2023-12-27,Class I,Terminated,Renaissance Food Group,"Product was shipped to the following states: AL, GA, FL, NC, SC","Sprouts Farmers Market Apple Fruit Medley 10 OZ (283g) UPC 8 26766 40543 5 & 20 OZ (1.25 LB) 566g UPC 8 26766 40544 2 Manufactured Exclusively for Sprouts Farmers Market, Phoenix,…"
apple,F-0001-2024,2023-10-11,Class II,Terminated,Vive Organic,Vive Organic did not sell directly to any consignees. Vive Organic did not sell directly to any wholesale dealers. TOTA…,2 oz VIVE ORGANIC DETOX + IMMUNITY KIWI APPLE SUPERGREENS WELLNESS SHOT; Total package size: 12 bottles per case; Storage instructions: Keep Refrigerated; Date(s) of manufacture: …
apple,F-0731-2023,2023-04-19,Class II,Terminated,E S Foods,Nationwide,61118C Apple Jacks BB
apple,F-0074-2024,2023-03-22,Class I,Terminated,"FRESH IDEATION FOOD GROUP, LLC dba Fresh Creative Cuisine","The recalled product was distributed to the following states: MD, PA, DE, NY, DC, NJ, NC, CT, SC, VA, MA .","Fresh Creative Cuisine White Label, Chicken, Apple & Brie Ciabatta Baguette, case of 6, Keep refrigerated"
apple,F-0042-2023,2022-10-26,Class II,Terminated,Titusville Dairy Products Co.,Distributed to the recalling firm's direct consignee in PA.,Turner's Apple Cinnamon Whole Milk Cottage Cheese 5.3oz. (150g) UPC:3573300169
apple,F-0033-2023,2022-10-19,Class II,Terminated,"Eden Foods, Inc","Wholesale: CA, IL, MI, MN, NY, OH, OK, OR, PA, TX, VA. CANADA CHILE JAPAN SIGNAPORE ecommerce: US Nationwide CANADA Rec…","Eden Organic Apple Juice in 32floz., 64floz., and 1.82L sizes, all sizes in glass bottle. Glass bottles packed 12, 32floz. bottles per wholesale case and 6, 64floz. / 1.82L bottle…"
apple,F-1326-2022,2022-06-29,Class I,Terminated,Albertsons Companies LLC,"The store prepared products were available and sold in the following states: Alaska, Arkansas, California, Colorado, Co…","Apples Sliced With Peanut Butter. Product were available for purchase at the following banners: Albertsons, Safeway, Lucky. Packaged in clear plastic cup and lid. Net wt. 8 oz."
apple,F-1293-2022,2022-06-22,Class I,Terminated,"Indianapolis Fruit Company, Inc.","Kentucky, Illinois, Indiana, Michigan, Ohio, West Virginia, and Wisconsin.","Garden Cut Apples Sweet w/ Peanut Butter Apples Gala, 6oz. clear plastic clamshell UPC 053495119986; 4 retail units per wholesale case."
apple,F-1294-2022,2022-06-22,Class I,Terminated,"Indianapolis Fruit Company, Inc.","Kentucky, Illinois, Indiana, Michigan, Ohio, West Virginia, and Wisconsin.","Garden Cut Apple Tart w/ Peanut Butter Apples Granny Smith, 6oz. clear plastic clamshell UPC 053495090186; 4 retail units per wholesale case."
apple,F-0831-2022,2022-03-16,Class II,Terminated,"Chicago Sweet Connections, Inc.",Retail locations in IL and WI,Chicago Sweet Connections: Paczkis - Apple Flavor packaged in a clear plastic clamshell 4 pack
apple,F-0151-2021,2020-11-25,Class II,Terminated,"Mayer Brothers Apple Products, Inc.","MD, MA, MI","1. Giant brand "" Premium Apple Cider*** 64 fl. oz. (Half Gal) 1.89L***Distributed by Foodhold USA LLC, Landover, MD 20785"" 2. ""Nature's Nectar 100% Fresh Apple Cider***128 fl. oz.…"
apple,F-0905-2020,2020-04-01,Class III,Terminated,"Organic By Nature, Inc.","nationwide, Canada and Netherlands",Touchstone Essentials Super Greens Juice - Raspberry Apple; Premium Organic Superfood Juice Powder: Whole Food Dietary Supplement; Net Wt. 10.5 oz. (300 g) Plastic Bottle; Finishe…
artichoke,H-0230-2025,2025-07-16,Class II,Terminated,UNFI General Corporate,"NJ, NY, MD, DC, PA",1. PRODUCE ORGC ARTICHOKES
asparagus,H-0231-2025,2025-07-16,Class II,Terminated,UNFI General Corporate,"NJ, NY, MD, DC, PA",1. MEXICO OG2 ASPARAGUS
bacon,F-0575-2024,2023-12-20,Class II,Terminated,Ben E Keith Foods - Fort Worth,All products were shipped via truck to food services.,TATER KEG BACON CHEDDAR CHIVE; OKRA CUT HEAVILY BREADED IQF; POTATO TATER TOTS; FRENCH FRIES SC 3/8 IN; JALAPENO STUFFED W/CHDR CHS; CORN CUT; BEAN GREEN REGULAR CUT; BEAN GREEN S…
bacon,F-0353-2023,2023-02-22,Class III,Terminated,Brittle Brothers LLC,TN,"Peanut Brittle, Cashew Brittle, Pecan Brittle, Bacon Brittle, Nashville Hot Brittle 5 oz, 8 oz, 16oz and bulk packaging"
bacon,F-1068-2020,2020-07-22,Class II,Terminated,Fresh Express Incorporated,"Domestic: Midwestern states of AR, CT, DC, DE, IA, IL, IN, KS, KY, MA, MD, ME, MI, MN, MO, MT, NC, ND, NE, NH, NJ, NY, …","Fresh Express Gourmet Cafe Creative Classics Turkey & Bacon Chef 5.75 oz.,UPC 071279407081, Iceberg & romaine lettuce, carrots & red cabbage"
banana,F-1254-2023,2023-07-26,Class I,Terminated,"Scenic Fruit Company, LLC",Trader Joe s Organic Tropical Fruit Blend 16 oz. bags were distributed nationwide. Cadia Organic Pineapple 10oz. bags w…,"Trader Joe s Organic Tropical Fruit Blend Pineapple, Banana, Strawberry, Mango, SKU #051191, packaged in pillow bags. Each case consists of 24 bags and each bag is 16 oz. UPC on r…"
banana,F-1268-2023,2023-07-26,Class I,Terminated,SunOpta Grains and Foods Inc.,Nationwide,"Trader Joe's Organic Tropical Fruit Blend, Pineapple, Bananas, Strawberries & Mango. Net Wt. 16 oz (1 lb) 454g. UPC Keep Frozen."
banana,F-1264-2023,2023-07-26,Class I,Terminated,SunOpta Grains and Foods Inc.,Nationwide,"365 Whole Foods Market Organic Sliced Strawberries & Bananas. Net Wt 32 oz (2 lb) 907g, UPC 0 99482-51908 7, Keep Frozen until ready to use. Distributed By: Whole Foods Market, Au…"
banana,F-1415-2022,2022-07-20,Class II,Terminated,Fruselva America SPA,"The firm only distribute only to their stores; MA, ME, NH, NY, VT, MD, PA, WV","Nature s Promise Organic Mango, Banana, Kale, Rice & Pineapple Baby Food, 3.5 oz (99 g), Pouch, Case pack of 12 (12 inners of 6 each). Store in a dry ventilated area. Do not expos…"
banana,F-0513-2022,2022-01-26,Class II,Terminated,Aroma Meats LLC,Distributed in Oregon.,"Fresh Banana Pickle is packaged in clear plastic pouch, net wt. 500 gm (1/2 KG). No UPC. Product is imported from Jampani SRT 252, Opp to Tata Motors, Sanath Nagar, Hyderabad, 500…"
banana,F-0904-2021,2021-09-08,Class II,Terminated,Loffredo Fresh Gardens Inc. DBA Produce Innovations,"Distributed to retail stores in IA, IN, MO, MN, NE, OK, and TX.","Your Way Fresh, Sliced Banana + Strawberry Yogurt Parfait; Net wt. 6.25 oz (177 g); UPC 8 54426 00807 8; Distributed by Your Way Fresh, Newport Beach, CA, 12 cups per case;"
basil,H-0241-2026,2025-12-10,Class II,Terminated,Hale inc,KY,"Lotsa Pasta International Food Shop Fresh Basil Infused Olive Oil, Net Wt. 12 oz. (375ml), packaged in a glass bottle, UPC 736211448316, packed 12 bottles per case"
basil,H-0492-2025,2025-08-20,Class II,Terminated,AND GO CONCEPTS DBA SALAD AND GO,"Arizona, Oklahoma, Nevada, Texas",FG60005 Blueberry Basil Lemonade
basil,F-1246-2024,2024-05-22,Class I,Terminated,"Infinite Herbs, LLC","Florida, Illinois, Missouri, Virginia, Connecticut, Pennsylvania, and Massachusetts.","Infinite Herbs Organic Basil packed in a clear 2.5 oz, 2.0 oz, and 4 oz PET clamshell container."
basil,F-0098-2023,2022-11-09,Class II,Completed,"Bella Brands, LLC DBA Bella Cucina Artful Food","Product was shipped to the following states: AK, AL, AR, AZ, CA, CO, CT, DE, FL, GA, IA, ID, IL, IN, KY, LA, MA, MD, ME…","Bella Cucina Artful Food Fresh Basil Pesto Net Wt. 3 oz (84.5g) bag, UPC 6 19193 00211 3 Manufactured by Bella Cucina Artful Food Atlanta, GA 30310"
basil,F-0862-2021,2021-08-04,Class I,Terminated,Old Souls Farms LLC,Distributed to Ohio and Kentucky,"Old Souls Farm Basil 1 lb, 1 oz, 10 lbs,25 lbs, 3 -1 lbs, 4 oz, and Living clamshells - 1oz 18 per case, 5oz 6 per case bulk bags - 1lb is 3 per case, 10lbs 1 per case, 25lbs 1 pe…"
basil,F-0327-2021,2021-03-10,Class II,Terminated,"Shenandoah Growers, Inc.","Distributed to distribution centers in IN, OH, MI, IN, MN, and MO. Further distributed to retail stores in IL, IN, IO, …","Organic fresh cut basil packaged in plastic clamshell containers. Shenandoah Growers by Thats Tasty, 0.75 oz UPC: 7-68573-00101-4 Shenandoah Growers by Thats Tasty, 2.0 oz UPC: …"
basil,F-0186-2021,2020-12-30,Class II,Terminated,"Shenandoah Growers, Inc.","Distributed to retail stores in PA, FL, GA, TN, VA and MD","Organic fresh cut basil packaged in plastic clamshell containers The Fresh Market Organic Basil NET WT 0.5oz (14g), UPC:7-37094-23027-2 Good & Gather organic basil NET WT 0.5oz (1…"
basil,F-0185-2021,2020-12-30,Class II,Terminated,Vallarta Organics LLC,Distributed to direct accounts in VA and FL,"Organic Basil,15 bags, Net. Wt.15Lbs case."
basil,F-1564-2020,2020-10-07,Class I,Terminated,"Spokane Produce, Inc.","distributed in ID, MT, OR, WA, and WY.","Item 80929 Basil-Spinach w/ Fresh Mozzarella, Refrigerated, net wt.6.38 LB, packaged in Cardboard Box."
basil,F-0983-2020,2020-06-17,Class II,Terminated,UNFI General Corporate,"MN, SD, and WI","Wild Harvest Organic Fresh Basil packaged in the following sized plastic containers: Net Wt 2 oz (57g), UPC 11535-50762, Net Wt 0.25 oz. (7g), UPC 11535-50450, Net Wt 0.75 oz. (21…"
beet,F-0059-2025,2024-10-30,Class II,Terminated,"Youngstown Grape Distributors, Inc.","CA, TX, WA, KY, NC, NY, IL, VA, AL, GA, KS, CT, MI, MA, PA, OH, MD, WI, ND, MO, TN, NE, KS, RI, MN, FL, SC, IN, NJ, IA,…","Happy Moose Juice Strawberry Field packaged in a plastic 12 fl. oz. bottle. Ingredients: Organic Apple Juice, Organic Orange Juice, Organic Strawberry Puree, Organic Beet Juice, O…"
beet,F-0166-2022,2021-11-24,Class II,Terminated,Seneca Foods Corporation,"AL, CO, FL, GA, IA, IL, IN, LA, MA, ME, MI, MN, MO, NC, NV, NY, OH, PA, SC, TX, VA, WI","Sliced Pickled Beets, Net Wt 16oz. (1lb) 454g, packaged under the following brands: 1. Aunt Nellie's, UPC 44300-05463, Distributed by Seneca Foods Corp, Marion, NY 14505-0997 2. H…"
beet,F-0869-2021,2021-08-04,Class III,Terminated,NOW Health Group Inc.,"AK, AL, AR, AZ, CA, CO, CT, DE, FL, GA, IA, ID, IL, IN, KS, KY, LA, MA, MD, ME, MI, MN, MO, MT, NC, ND, NE, NJ, NM, NV,…","Now Real Food Organic Steel Cut Oats, 2 lb bag, code 6295, UPC 733739062956, packed 8 bags per case; case packaging is for Now Real Food Organic Beet Sugar 3lbs bags"
bell-pepper,F-1681-2024,2024-08-14,Class I,Terminated,Wiers Farm Inc,"CT, DE, IL, IN, KY, ME, MD, MI, MO, NJ, NY, NC, OH, PA, RI, TN, VA, WV",Wiers Farm - Organic Bell Peppers packaged into 2 count trays - cases dependent on customer
bell-pepper,F-0007-2023,2022-10-12,Class I,Completed,Renaissance Food Group,"Products were shipped to the following states: Alabama, Georgia & South Carolina.","Diced Bell Pepper & White Onion, NET WT, 7 OZ (198g), Dist. By: Renaissance Food Group LLC 4322 Moreland Ave. Conley, GA 30288, UPC, 8 26766 19004"
black-pepper,F-1367-2023,2023-08-16,Class II,Terminated,Bellingham Pasta Co,Distributed in WA.,"Semolina Lemon Black Pepper Linguine, net wt. 14oz. Product is packaged in a clear clamshell plastic container. Label declares: Fresh & Hand Crafted Bellingham Pasta Co. Ingredien…"
black-pepper,F-0716-2021,2021-06-30,Class I,Terminated,Banner Smoked Fish Inc.,"NY, NJ, IL, PA, CA, FL, NE, AZ, MA, MD, VA, NV, OR, WI, NC, SC, and GA area.","Raskin s brand Smoked Fish Pepper Crusted Sliced Nova (Farm raised Atlantic Salmon, black pepper, salt, sugar, sodium nitrite, natural hardwood smokead"
blue-cheese,H-0193-2026,2025-11-26,Class I,Terminated,"Twin Sisters Creamery, LLC",Distributed in OR and WA,"Twin Sisters Creamery Whatcom Blue cheese, 2.5lb. round cheese wheel, made with raw milk and aged at minimum of 60 days. Ingredients: cultured raw cow's milk, salt, enzymes, penic…"
blueberry,H-0557-2026,2026-03-18,Class I,Ongoing,Made Fresh Salads Inc,New York,Made Fresh Salads brand Blueberry Cream Cheese; 5 lb white plastic tub
blueberry,H-0063-2026,2025-10-22,Class I,Terminated,WHOLESALE PRODUCE SUPPLY LLC DBA,"IA, IL, ND, NE, WI","Cut Fresh Luau Blend Fruit Mix ""F&F"". 4/10 oz. Fresh & Finest. Contains: Cantaloupe, Honeydew, Pineapple, Red Grapes, Strawberry, Blueberry. Keep Refrigerated. UPC 0 70253-00572 5…"
blueberry,H-0492-2025,2025-08-20,Class II,Terminated,AND GO CONCEPTS DBA SALAD AND GO,"Arizona, Oklahoma, Nevada, Texas",FG60005 Blueberry Basil Lemonade
blueberry,F-0804-2025,2025-05-21,Class II,Terminated,"The Hot Chocolatier - St. Elmo, LLC",One (1) retailer in TN.,"Blueberry Lemon Scones, bulk packaged in bakery boxes. Products are sold at retail in pastry cases and not individually labeled."
blueberry,F-1763-2022,2022-09-28,Class II,Terminated,"Russ Davis Wholesale, LLC","IA, MI, MN, ND, SD, WI","Four Berry Blend containing Strawberry, Blackberry, Blueberry, Raspberry. Keep Refrigerated. Item 80847. Net Wt. 12 oz. packaged in the following brands: .Crazy Fresh, quick & eas…"
blueberry,F-1736-2022,2022-09-28,Class I,Terminated,Scone Ranger Inc,Distributed in WA,"Lemon Blueberry Vegan Scones. Product distributed in bulk cases and it is sold directly to consumers. The ingredients statement is read in parts: ""***Lemon Blueberry Vegan Scones …"
blueberry,F-1762-2022,2022-09-28,Class II,Terminated,"Russ Davis Wholesale, LLC","IA, MI, MN, ND, SD, WI","Strawberry, Kiwi, Blueberry packaged in the following sizes and brands: 1. Item 80846. Net Wt. 12 oz. Keep Refrigerated. Crazy Fresh, quick & easy, and grocery store branded. 2. I…"
blueberry,F-1754-2022,2022-09-28,Class II,Terminated,"Russ Davis Wholesale, LLC","IA, MI, MN, ND, SD, WI","Strawberry, Blueberry, and Blackberry packaged in the following brands and sizes: 1. Item 80610. Triple Berry Blend Net Wt. 14 oz. Crazy Fresh 2. Item 80867. Triple Berry Blend Ne…"
blueberry,F-0833-2022,2022-03-16,Class II,Terminated,"Chicago Sweet Connections, Inc.",Retail locations in IL and WI,Chicago Sweet Connections: Paczkis - Blueberry Flavor packaged in a clear plastic clamshell 4 pack
broccoli,H-0433-2026,2026-02-04,Class I,Completed,"SUPERFOODS, INC.","Nationwide, including Puerto Rico, Guam, and Virgin Islands; United Kingdom","Live it Up brand Super Greens; Chlorella, Spirulina, Wheatgrass, Kale, Broccoli, Spinach, Barley grass, Moringa, Parsley; Whole food dietary supplement powder; 30 day supply; NET …"
broccoli,H-0434-2026,2026-02-04,Class I,Completed,"SUPERFOODS, INC.","Nationwide, including Puerto Rico, Guam, and Virgin Islands; United Kingdom","a.) Live it Up brand Super Greens; Natural Wild Berry Flavor; Chlorella, Spirulina, Wheatgrass, Kale, Broccoli, Spinach, Barley grass, Moringa, Parsley; Whole food dietary supplem…"
broccoli,H-0232-2025,2025-07-16,Class II,Terminated,UNFI General Corporate,"NJ, NY, MD, DC, PA",1. BROCCOLI OG2 BROCCOLI BUNCH 2. WLD HRVST OG2 BROCCOLI WRPP 3. USA OG2 BROCCLI CRWNS
broccoli,F-0427-2025,2025-02-05,Class I,Ongoing,Braga Fresh Foods LLC,"Product distributed to two (2) distribution centers in Texas (Dallas, Houston).","Simple Truth Organic, BROCCOLI FLORETS, STEAM IN BAG, 12oz, BEST IF USED BY NOV 08 2024, PRODUCT OF MEXICO"
broccoli,F-0276-2025,2024-12-18,Class I,Terminated,4 Earth Farms formerly Mcl Fresh Inc,"The firm distributed to seven (7) direct account consignees. Five(5) of those were distribution centers, two (2) were d…","Organic Vegetable Medley; Broccoli, Carrots & Cauliflower. Washed and ready to prepare; Perishable keep refrigerated. NET WT 12 OZ (340g) (6 pack/case) DISTRIBUTED BY: Walmart Inc…"
broccoli,F-0279-2025,2024-12-18,Class I,Terminated,4 Earth Farms formerly Mcl Fresh Inc,"The firm distributed to seven (7) direct account consignees. Five(5) of those were distribution centers, two (2) were d…","Organic Broccoli Slaw (Salade DE Brocoli), 4Earth Farms, Net Weight/Poids Net (340 g) 12oz (6 pack/case) Washed and ready to prepare, Perishable keep refrigerated. Distributed by …"
broccoli,F-0277-2025,2024-12-18,Class I,Terminated,4 Earth Farms formerly Mcl Fresh Inc,"The firm distributed to seven (7) direct account consignees. Five(5) of those were distribution centers, two (2) were d…","Organic Vegetable Medley; Broccoli, Cauliflower, & Carrots. Washed and ready to prepare; Perishable keep refrigerated. NET WT 12 OZ (340g) (6 pack/case) DISTRIBUTED BY: UNFI, Prov…"
broccoli,F-0272-2025,2024-12-18,Class I,Terminated,4 Earth Farms formerly Mcl Fresh Inc,"The firm distributed to seven (7) direct account consignees. Five(5) of those were distribution centers, two (2) were d…","Organic Broccoli Medley, 4Earth Farms, Net Weight 12 oz (340 g) Washed and ready to prepare, Perishable keep refrigerated. Distributed by 4Earth Farms, LLC., Commerce, CA 92022 USA"
broccoli,F-1759-2022,2022-09-28,Class II,Terminated,"Russ Davis Wholesale, LLC","IA, MI, MN, ND, SD, WI","Broccoli, Carrot, Strawberry, Red Grape. Net Wt. 11 oz. Item 80820 Packaged under the following brands: Crazy Fresh, quick & easy, and grocery store branded."
broccoli,F-1772-2022,2022-09-28,Class II,Terminated,"Russ Davis Wholesale, LLC","IA, MI, MN, ND, SD, WI","Fresh Veggie Value Bowl. Contains: Carrots, Celery, Cauliflower, Broccoli, Radish. Keep Refrigerated. Net Wt. 2.5 lbs. Item 82709. Packaged in the following brands Crazy Fresh, qu…"
broccoli,F-1758-2022,2022-09-28,Class II,Terminated,"Russ Davis Wholesale, LLC","IA, MI, MN, ND, SD, WI","Tomato, Radish, Broccoli, Cauliflower. Net Wt. 11 oz. Item 80819 Packaged under the following brands: Crazy Fresh, quick & easy, and grocery store branded."
brussels-sprouts,H-0270-2025,2025-07-23,Class I,Terminated,AND GO CONCEPTS DBA SALAD AND GO,Arizona and Nevada,"FG21004 Brussels Sprouts, Roasted 2514111 FG21004 Brussels Sprouts, Roasted 2514311 Packaged 7- 2 lb polybags per cardboard case"
butter-lettuce,F-0304-2023,2023-01-25,Class II,Terminated,"Superior Fresh, LLC","IN, PA, VA, WI","Superior Fresh Lettuce Blend Ingredients May Contain Red Leaf, Green Leaf, Green Romaine, Red Romaine, Red Oak Leaf, Green Oak Leaf, Butter lettuce, Arugula, spinach. Keep Refrige…"
butter-lettuce,F-0302-2023,2023-01-25,Class II,Terminated,"Superior Fresh, LLC","IN, PA, VA, WI","Superior Fresh Lettuce Blend Ingredients May Contain Red Leaf, Green Leaf, Green Romaine, Red Romaine, Red Oak Leaf, Green Oak Leaf, Butter lettuce, Arugula, Kale, Spinach, Mustar…"
butter-lettuce,F-0170-2023,2022-11-30,Class I,Terminated,Kalera Public Limited Company,Domestic distribution only.,"Kalera, The cleanest lettuce in the world., Butter lettuce, Whole head with living roots, Distributed by Kalera, Inc, Orlando FL 32822"
butternut-squash,H-0430-2026,2026-02-04,Class II,Terminated,"Prima Vera Nueva, Inc.","U.S. Distribution: CA, NV","Butternut Squash Tamales with Roasted Green Chiles, NO DAIRY Ingredients: Organic Corn Flour Masa, Organic Butternut Squash, Roasted Green Chiles, Non-GMO Corn, Non-hydrogenated V…"
butternut-squash,H-0423-2026,2026-02-04,Class II,Terminated,"Prima Vera Nueva, Inc.","U.S. Distribution: CA, NV","Butternut Squash Tamales With Roasted Green Chiles, Corn & Jack Cheese Ingredients: Organic Corn Flour Masa, Organic Butternut Squash, Organic Roasted Green Chiles, Non-GMO Corn, …"
butternut-squash,F-0295-2024,2023-10-25,Class II,Terminated,Safeway Fresh Foods LLC,"The product was distributed to the following states, Washington DC, Maryland, Pennsylvania, and Virgnia","Sunnyside Farms, diced Organic Butternut Squash , 32-oz. , plastic tray, 6 trays per case, Perishable Keep Refrigerated ."
butternut-squash,F-1605-2023,2023-10-04,Class I,Terminated,Fresh Unlimited Inc,"US Foods Distribution locations: IN, NC, NY, SC, WV","Freshway Foods - Diced Butternut Squash, packaged in 4 pound plastic bags - 4 bags per case."
butternut-squash,F-0057-2024,2023-03-22,Class I,Terminated,"FRESH IDEATION FOOD GROUP, LLC dba Fresh Creative Cuisine","The recalled product was distributed to the following states: MD, PA, DE, NY, DC, NJ, NC, CT, SC, VA, MA .","Fresh Creative Cuisine White Label - Butternut Squash Lasagna. Single Serving, Keep refrigerated"
butternut-squash,F-1786-2022,2022-09-28,Class II,Terminated,"Russ Davis Wholesale, LLC","IA, MI, MN, ND, SD, WI","Roasting Vegetables. With Olive Oil and Herbs. Contains: . Keep Refrigerated. Item 89350. Butternut Squash, Brussel Sprouts, Cauliflower, Carrot, Parsnip, Olive Oil, Salt, Black P…"
butternut-squash,F-0285-2021,2021-02-17,Class II,Terminated,Pero Family Farms Company,Domestic distribution only.,"Butternut Squash Bag, 5 lbs"
butternut-squash,F-0264-2021,2021-02-10,Class II,Terminated,Lancaster Foods LLC,"Product Distributed in the USA - PA, MD, MA, VA, DE, NC","Own Brands , Butternut Squash Noodles, 12 Ounces, in a PET Clamshell, UPC 6 88267 17259 5"
butternut-squash,F-0259-2021,2021-02-10,Class II,Terminated,Lancaster Foods LLC,"Product Distributed in the USA - PA, MD, MA, VA, DE, NC","Lancaster Butternut Squash Chunks, 12, 20, 24, 40 Ounces and 2.5 lbs. in a PET Clamshell, 2 per case, 4 per case, 6 per case . UPC: 8 13055 01596 3; 8 13055 01150 7; 8 13055 01300…"
butternut-squash,F-0978-2020,2020-06-17,Class II,Terminated,Coastal Sunbelt Produce Co. Inc.,"The firm distributed the product in the following states, Maryland, PA, NJ, FL, KY, NC, CO, MA, VA, DC, GA","Bin Butternut Squash, Bulk, Raw Product in Bins / 4, 5lb packages in each case"
cabbage,F-0777-2025,2025-05-21,Class II,Completed,Advance Food International Inc.,"NY, NJ, CT, MA, PA, MD","National brand Kasundi PEELED MANGO PICKLE IN OIL; Net Wt.: 1 Kg (35.27 oz)/ 2.20lb; Ingredients: Kasundi (Peeled Mango), Canola Oil, Cabbage, Salt, Mixed Spices, Vinegar, Sodium …"
cabbage,F-0817-2024,2024-02-07,Class I,Terminated,World Variety Produce Inc dba Melissa's,"U.S. distribution to the following: CA, TX, FL No foreign distribution.","Melissa's Hot Kimchi Pickled Napa Cabbage NET WT. 14 oz (397g) Ingredients: Napa Cabbage, Radish, Water, Garlic, Red Pepper, Organic Sugar Cane, Sea Salt, Calcium Lactate, Ginger,…"
cabbage,F-0234-2023,2023-01-18,Class III,Terminated,Dole Fresh Vegetables Inc,"U.S. distribution to the following: AL, CT, FL, GA, LA, MA, MD, NC, NY, PA, SC, VA No foreign distribution.","Dole Diced Southern Slaw Green Cabbage, Carrots Preservative Free Thoroughly Washed Perishable/Keep Refrigerated NET WT 14 OZ (397 g) UPC 7143001036 Also Classic Coleslaw under Li…"
cabbage,F-0853-2021,2021-08-18,Class II,Terminated,"5000 Years Foods, Inc.",The recalled product was distributed in ILLINOIS where the product was further distributed and it reached customers thr…,"5000 Years Foods NO MSG SLICED CABBAGE KIMCHI in 5GAL plastic tubs, and 128 oz, 64 oz, 32 oz, & 16 oz glass jars"
cabbage,F-0854-2021,2021-08-18,Class II,Terminated,"5000 Years Foods, Inc.",The recalled product was distributed in ILLINOIS where the product was further distributed and it reached customers thr…,5000 Years Foods NO MSG JULRADO WHOLE CABBAGE KIMCHI in 128 oz and 64 oz glass jars
cabbage,F-0852-2021,2021-08-18,Class II,Terminated,"5000 Years Foods, Inc.",The recalled product was distributed in ILLINOIS where the product was further distributed and it reached customers thr…,"5000 Years Foods NO MSG WHOLE CABBAGE KIMCHI in 5GAL plastic tubs, and 128 oz and 64 oz glass jars"
cabbage,F-0855-2021,2021-08-18,Class II,Terminated,"5000 Years Foods, Inc.",The recalled product was distributed in ILLINOIS where the product was further distributed and it reached customers thr…,"5000 Years Foods NO MSG JULRADO SLICED CABBAGE KIMCHI in 128 oz, 64 oz, 32 oz, & 16 oz glass jars"
cabbage,F-0850-2021,2021-08-18,Class II,Terminated,"5000 Years Foods, Inc.",The recalled product was distributed in ILLINOIS where the product was further distributed and it reached customers thr…,"5000 Years Foods JULRADO WHOLE CABBAGE KIMCHI in 5GAL plastic tubs, and 128 oz and 64 oz glass jars"
cabbage,F-0849-2021,2021-08-18,Class II,Terminated,"5000 Years Foods, Inc.",The recalled product was distributed in ILLINOIS where the product was further distributed and it reached customers thr…,"5000 Years Foods WHOLE CABBAGE KIMCHI in 5GAL plastic tubs, and 128 oz and 64 oz glass jars"
cabbage,F-0851-2021,2021-08-18,Class II,Terminated,"5000 Years Foods, Inc.",The recalled product was distributed in ILLINOIS where the product was further distributed and it reached customers thr…,"5000 Years Foods JULRADO SLICED CABBAGE KIMCHI in 5GAL plastic tubs, and 128 oz, 64 oz, 32 oz, & 16 oz glass jars"
cabbage,F-0848-2021,2021-08-18,Class II,Terminated,"5000 Years Foods, Inc.",The recalled product was distributed in ILLINOIS where the product was further distributed and it reached customers thr…,"5000 Years Foods SLICED CABBAGE KIMCHI in 5GAL plastic tubs, and 128 oz, 64 oz, 32 oz, & 16 oz glass jars"
cabbage,F-1068-2020,2020-07-22,Class II,Terminated,Fresh Express Incorporated,"Domestic: Midwestern states of AR, CT, DC, DE, IA, IL, IN, KS, KY, MA, MD, ME, MI, MN, MO, MT, NC, ND, NE, NH, NJ, NY, …","Fresh Express Gourmet Cafe Creative Classics Turkey & Bacon Chef 5.75 oz.,UPC 071279407081, Iceberg & romaine lettuce, carrots & red cabbage"
cabbage,F-1069-2020,2020-07-22,Class II,Terminated,Fresh Express Incorporated,"Domestic: Midwestern states of AR, CT, DC, DE, IA, IL, IN, KS, KY, MA, MD, ME, MI, MN, MO, MT, NC, ND, NE, NH, NJ, NY, …","Fresh Express Green & Crisp / Verde y Crujiente 11 oz., UPC 071279108049, (Canada UPC) 0 71279 10813 1, Iceberg & romaine lettuce, carrots & red cabbage"
cabbage,F-1072-2020,2020-07-22,Class II,Terminated,Fresh Express Incorporated,"Domestic: Midwestern states of AR, CT, DC, DE, IA, IL, IN, KS, KY, MA, MD, ME, MI, MN, MO, MT, NC, ND, NE, NH, NJ, NY, …","Fresh Express Iceberg Garden / Lechuga Repollo 3 lbs., UPC 071279104119, Iceberg lettuce, carrots & red cabbage"
cabbage,F-1071-2020,2020-07-22,Class II,Terminated,Fresh Express Incorporated,"Domestic: Midwestern states of AR, CT, DC, DE, IA, IL, IN, KS, KY, MA, MD, ME, MI, MN, MO, MT, NC, ND, NE, NH, NJ, NY, …","Fresh Express Iceberg Garden / Lechuga Repollo 12 oz., UPC 071279103020, (Canada UPC) 0 71279 10302 0, Green and red cabbage, kale, green leaf & Carrots. Fresh Express Iceberg Gar…"
cabbage,F-1093-2020,2020-07-22,Class II,Terminated,Fresh Express Incorporated,"Domestic: Midwestern states of AR, CT, DC, DE, IA, IL, IN, KS, KY, MA, MD, ME, MI, MN, MO, MT, NC, ND, NE, NH, NJ, NY, …","Giant Eagle Life s Getting Fresher Fresh Italian Blend 9 oz., UPC 030034923112, Romaine lettuce & red cabbage"
cabbage,F-1063-2020,2020-07-22,Class II,Terminated,Fresh Express Incorporated,"Domestic: Midwestern states of AR, CT, DC, DE, IA, IL, IN, KS, KY, MA, MD, ME, MI, MN, MO, MT, NC, ND, NE, NH, NJ, NY, …","Fresh Express American 11 oz.,UPC 071279241005, (Canada UPC) 0 71279 24100 5, Iceberg & romaine, carrots red cabbage & radish"
cabbage,F-1053-2020,2020-07-22,Class II,Terminated,Fresh Express Incorporated,"Domestic: Midwestern states of AR, CT, DC, DE, IA, IL, IN, KS, KY, MA, MD, ME, MI, MN, MO, MT, NC, ND, NE, NH, NJ, NY, …","Fresh Express America's Fresh Old Fashioned Cole Slaw"" 14oz, UPC 071279123011, Green cabbage & carrots"
cabbage,F-1066-2020,2020-07-22,Class II,Terminated,Fresh Express Incorporated,"Domestic: Midwestern states of AR, CT, DC, DE, IA, IL, IN, KS, KY, MA, MD, ME, MI, MN, MO, MT, NC, ND, NE, NH, NJ, NY, …","Fresh Express Gourmet Cafe Creative Classics Chopped Asian 6.25 oz., UPC 071279407111, Red and green cabbage, romaine lettuce, carrots & green onions"
cabbage,F-1091-2020,2020-07-22,Class II,Terminated,Fresh Express Incorporated,"Domestic: Midwestern states of AR, CT, DC, DE, IA, IL, IN, KS, KY, MA, MD, ME, MI, MN, MO, MT, NC, ND, NE, NH, NJ, NY, …","Giant Eagle Life s Getting Fresher Fresh American Blend 11 oz., UPC 030034923105, Iceberg & romaine lettuce, carrots, red cabbage & radish"
cabbage,F-1067-2020,2020-07-22,Class II,Terminated,Fresh Express Incorporated,"Domestic: Midwestern states of AR, CT, DC, DE, IA, IL, IN, KS, KY, MA, MD, ME, MI, MN, MO, MT, NC, ND, NE, NH, NJ, NY, …","Fresh Express Gourmet Cafe Creative Classics Mediterranean 5.12 oz., UPC 071279407142, Red cabbage & romaine lettuce"
cabbage,F-1075-2020,2020-07-22,Class II,Terminated,Fresh Express Incorporated,"Domestic: Midwestern states of AR, CT, DC, DE, IA, IL, IN, KS, KY, MA, MD, ME, MI, MN, MO, MT, NC, ND, NE, NH, NJ, NY, …","Fresh Express Premium Romaine / Lechuga Romana Especial 9 oz., UPC 071279108087, Romaine lettuce, carrots & red cabbage"
cabbage,F-1081-2020,2020-07-22,Class II,Terminated,Fresh Express Incorporated,"Domestic: Midwestern states of AR, CT, DC, DE, IA, IL, IN, KS, KY, MA, MD, ME, MI, MN, MO, MT, NC, ND, NE, NH, NJ, NY, …","Fresh Express Veggie Lover's 11 oz., UPC 071279281001, (Canada UPC) 0 71279 28106 3, Iceberg & romaine lettuce, carrots, pea pods, red cabbage & radishes"
cabbage,F-1073-2020,2020-07-22,Class II,Terminated,Fresh Express Incorporated,"Domestic: Midwestern states of AR, CT, DC, DE, IA, IL, IN, KS, KY, MA, MD, ME, MI, MN, MO, MT, NC, ND, NE, NH, NJ, NY, …","Fresh Express Italian 9 oz., UPC 071279211008, Romaine lettuce & red cabbage"
cabbage,F-1050-2020,2020-07-22,Class II,Terminated,Fresh Express Incorporated,"Domestic: Midwestern states of AR, CT, DC, DE, IA, IL, IN, KS, KY, MA, MD, ME, MI, MN, MO, MT, NC, ND, NE, NH, NJ, NY, …","Fresh Express Iceberg Garden / Lechuga Repollo 24 oz., UPC 071279104119, iceberg lettuce, carrots & red cabbage"
cabbage,F-1082-2020,2020-07-22,Class II,Terminated,Fresh Express Incorporated,"Domestic: Midwestern states of AR, CT, DC, DE, IA, IL, IN, KS, KY, MA, MD, ME, MI, MN, MO, MT, NC, ND, NE, NH, NJ, NY, …","Fresh Express Veggie Spring Mix 7 oz., UPC 071279281049, Baby lettuce, carrots, red cabbage & radishes"
cantaloupe,H-0668-2026,2026-04-15,Class I,Terminated,AYCO FARMS INC,"Distributed to PA, FL, CA, NY. No foreign distribution and none to government agencies.","Fresh Cantaloupe (Whole, Fresh), brand name Ayco, wrapped in food safe plastic bags packed in corrugated cardboard cartons; 6-12 melons per box; individual carton count per label.…"
cantaloupe,H-0068-2026,2025-10-22,Class I,Terminated,WHOLESALE PRODUCE SUPPLY LLC DBA,"IA, IL, ND, NE, WI","Cut Fresh Fruit Mix. Contains: Cantaloupe, Honeydew, Pineapple, and Red Grapes. Keep Refrigerated. Packed under the following brands and sizes: 1. Fruit Mix CHPG (MCT) 1/5 lb. 2. …"
cantaloupe,H-0059-2026,2025-10-22,Class I,Terminated,WHOLESALE PRODUCE SUPPLY LLC DBA,"IA, IL, ND, NE, WI","Cut Fresh Cantaloupe Chunks packaged into the following size containers some under brand names Fresh & Finest or Harvest Cuts: 1. CANTALOUPE CHUNKS ""PRMK"" 30/2 OZ 2. CANTALOUPE CH…"
cantaloupe,H-0067-2026,2025-10-22,Class I,Terminated,WHOLESALE PRODUCE SUPPLY LLC DBA,"IA, IL, ND, NE, WI","Cut Fresh Fruit Mix. Contains: Cantaloupe, Honeydew, and Red Grapes. Keep Refrigerated. Packed under the following brands and sizes: 1. Fruit Mix ""HC"" 6/6oz. UPC 7 90629-11821 6. …"
cantaloupe,H-0063-2026,2025-10-22,Class I,Terminated,WHOLESALE PRODUCE SUPPLY LLC DBA,"IA, IL, ND, NE, WI","Cut Fresh Luau Blend Fruit Mix ""F&F"". 4/10 oz. Fresh & Finest. Contains: Cantaloupe, Honeydew, Pineapple, Red Grapes, Strawberry, Blueberry. Keep Refrigerated. UPC 0 70253-00572 5…"
cantaloupe,H-0060-2026,2025-10-22,Class I,Terminated,WHOLESALE PRODUCE SUPPLY LLC DBA,"IA, IL, ND, NE, WI","Cut Fresh Cantaloupe & Honeydew Chunks Fresh & Finest. Net Wt: 12 oz Keep Refrigerated. UPC 0 70253-00582 4. Packed by WPS, Minneapolois, MN"
cantaloupe,H-0065-2026,2025-10-22,Class I,Terminated,WHOLESALE PRODUCE SUPPLY LLC DBA,"IA, IL, ND, NE, WI","Cut Fresh Melon Mix. Contains: Cantaloupe, Honeydew, Watermelon. Keep Refrigerated. Packed under the following brands and sizes: 1. Melon Mix ""HC"" 4/16 oz. Harvest Cuts UPC 7 9062…"
cantaloupe,H-0066-2026,2025-10-22,Class I,Terminated,WHOLESALE PRODUCE SUPPLY LLC DBA,"IA, IL, ND, NE, WI","Cut Fresh Fruit Mix. Contains: Cantaloupe, Honeydew, Watermelon and Red Grapes. Keep Refrigerated. Packed under the following brands and sizes: 1. Fruit Mix CHWG (MCT) 1/5 lb. UPC…"
cantaloupe,F-1838-2024,2024-10-09,Class I,Ongoing,"Eagle Produce LLC, dba Martori Farms","Statewide distribution to MI, MO, OH, TX, VA, 4 locations received product via 3rd party truck. No foreign distribution…","Whole cantaloupe, brand name Kandy, packed in a corrugated box, 9 count"
cantaloupe,F-0637-2024,2023-12-27,Class I,Terminated,Renaissance Food Group,"Product was shipped to the following states: AL, GA, FL, NC, SC","Trader Joe's Fresh Cut Fruit Cantaloupe Chunks NET WT 16 OZ (1 LB) 453g UPC 0095 2668, DIST & SOLD EXCLUSIVELY BY TRADER JOE'S MONROVIA, CA 91016"
cantaloupe,F-0579-2024,2023-12-20,Class I,Terminated,"PACIFIC TRELLIS FRUIT, LLC","U.S. distribution to the following: WI, OK, IL, TX, CA Foreign distribution to the following: Canada",Malichita brand Whole Cantaloupe 9 count and 12 count
cantaloupe,F-0582-2024,2023-12-20,Class I,Terminated,"Cut Fruit Express, Inc.","IL, MN, & WI","Cut cantaloupe identified with the following Item ID and Description. 1. 11628 Cantaloupe Diced 3/4"" 5lb. 2. 13075 Cantaloupe Chunk 30-1/2 cup 3. 1460070 Cantaloupe Chunk 1"" 5lb. …"
cantaloupe,F-0584-2024,2023-12-20,Class I,Terminated,"Cut Fruit Express, Inc.","IL, MN, & WI","Mixed Fruit Products that contain Cantaloupe, Honeydew, and Pineapple, Identified with the following Item ID and Description. 1. 5094954 Fruit Mix CHP Diced 3/4"""" 4-5 lb. 2. 58930…"
cantaloupe,F-0585-2024,2023-12-20,Class I,Terminated,"Cut Fruit Express, Inc.","IL, MN, & WI","Mixed Fruit Products that contain Cantaloupe, Honeydew, and Red Grapes, Identified with the following Item ID and Description. 1. 8366011 FRUIT MIX CHG DICED 1/2"" 25lbs. 2. 722447…"
cantaloupe,F-0672-2024,2023-12-13,Class I,Terminated,"FreshPoint Bix Produce Company, LLC","IA, MN, ND, WI","Bix Produce Item # 12217 Fruit, Chk Cant/Pine 1/2"" w/Grp, 5 lb. containing Cantaloupe, Pineapple, and Red Grapes. Keep Refrigerated. Manufactured and Distributed by: Bix Produce C…"
cantaloupe,F-0617-2024,2023-12-13,Class I,Terminated,FreshPoint Dallas,"Institutions, medical facilities and direct food service accounts in Arkansas, Missouri, Mississippi, Kansas, Louisiana…",Whole cantaloupe 3ct and 6ct
cantaloupe,F-0665-2024,2023-12-13,Class I,Terminated,"FreshPoint Bix Produce Company, LLC","IA, MN, ND, WI","FreshPoint Bix Produce Company, Whole Cantaloupe, Item 03143. 1/3 CT. 3 melons per container."
cantaloupe,F-0601-2024,2023-12-13,Class I,Terminated,Freshpoint Of Southern Ca,"Food services in California, Arizona and Nevada",Whole cantaloupe 3ct and 6ct brand name Imperial Fresh
cantaloupe,F-0669-2024,2023-12-13,Class I,Terminated,"FreshPoint Bix Produce Company, LLC","IA, MN, ND, WI","Bix Produce Mixed Fruit with Grapes products containing Cantaloupe, Honeydew, Pineapple, and Red Grapes. Keep Refrigerated. Manufactured and Distributed by: Bix Produce Company, 3…"
cantaloupe,F-0670-2024,2023-12-13,Class I,Terminated,"FreshPoint Bix Produce Company, LLC","IA, MN, ND, WI","Bix Produce Mixed Fruit products containing Cantaloupe, Honeydew, and Pineapple. Keep Refrigerated. Manufactured and Distributed by: Bix Produce Company, 3060 Centerville Road, Li…"
cantaloupe,F-0668-2024,2023-12-13,Class I,Terminated,"FreshPoint Bix Produce Company, LLC","IA, MN, ND, WI","Bix Produce Cut Cantaloupe. Keep Refrigerated. Manufactured and Distributed by: Bix Produce Company, 3060 Centerville Road, Little Canada, MN 55117 Packaged with the following cut…"
cantaloupe,F-0569-2024,2023-12-13,Class I,Terminated,"Sofia Produce, L.L.C.",Customers are located in the United States & Canada. There is no distribution to US Government agencies or departments.…,"Whole cantaloupe, Brand name Rudy 11 count carton, 8 count carton, 9 count carton, 15 count carton d. Container description; Cardboard containers bearing the Rudy label. The Rudy …"
cantaloupe,F-0666-2024,2023-12-13,Class I,Terminated,"FreshPoint Bix Produce Company, LLC","IA, MN, ND, WI","Cantaloupe Fruit Cup, Item 19703. clam-shell container. Net Wt 5.75 oz (163g). UPC 8 46709-00523 2. Manufactured and Distributed by: Bix Produce Company, 3060 Centerville Road, Li…"
cantaloupe,F-0671-2024,2023-12-13,Class I,Terminated,"FreshPoint Bix Produce Company, LLC","IA, MN, ND, WI","Bix Produce Item # 12170 Fruit, Chunk Melon w/Grape 5 lb. containing Cantaloupe, Honeydew, and Red Grapes. Keep Refrigerated. Manufactured and Distributed by: Bix Produce Company,…"
cantaloupe,F-0568-2024,2023-12-13,Class I,Terminated,"Sofia Produce, L.L.C.",Customers are located in the United States & Canada. There is no distribution to US Government agencies or departments.…,"Whole cantaloupe, Brand name Malichita 11 count carton, 8 count carton, 9 count carton, 15 count carton d. Container description; Red Corrugated Paper Carton or Black Plastic RPC."
cantaloupe,F-0304-2024,2023-11-08,Class I,Terminated,Bix Produce Company LLC,"IA, MN, ND, WI","FreshPoint Bix Produce Company, Cantaloupe. Item # 03143. 3 melons per bag."
cantaloupe,F-0298-2024,2023-11-01,Class I,Terminated,"Eagle Produce LLC, dba Martori Farms","Product was distributed to consignees in the following states: California, Illinois, Indiana, Iowa, Kentucky, Louisiana…","Whole cantaloupe, Brand name Kandy 11 count carton, 8 count carton, 9 count carton, 15 count carton d. Container description; Red Corrugated Paper Carton or Black Plastic RPC."
cantaloupe,F-1450-2023,2023-08-30,Class I,Terminated,"Freshy Foods, LLC","Facilities located in FL, LA, and MS","Team Fresh & Go: Cantaloupe Cup, packaged in 12oz plastic cup with lid. Packaged and sold as single unit."
cantaloupe,F-1765-2022,2022-09-28,Class II,Terminated,"Russ Davis Wholesale, LLC","IA, MI, MN, ND, SD, WI","Deluxe Fruit Bowl. Contains Pineapple, Cantaloupe, Honeydew, Watermelon, Kiwi, Strawberry. Keep Refrigerated. Item 80935. Net Wt. 3.5 lb. Packed under brands: Crazy Fresh, quick &…"
cantaloupe,F-1766-2022,2022-09-28,Class II,Terminated,"Russ Davis Wholesale, LLC","IA, MI, MN, ND, SD, WI","Fruit Tray. Contains Honeydew, Pineapple, Cantaloupe, Red Grapes, Strawberry. Keep Refrigerated. Item 80902. Net Wt. 4 lb. Packed under brands: Crazy Fresh, quick & easy, and groc…"
cantaloupe,F-1752-2022,2022-09-28,Class II,Terminated,"Russ Davis Wholesale, LLC","IA, MI, MN, ND, SD, WI","5 Fruit Blend. Contains: Cantaloupe, Honeydew, Pineapple, Red Grapes, Strawberries. Packaged in the following brands and sizes: 1. Item 80520. Net Wt. 14 oz. Crazy Fresh 2. Item 8…"
cantaloupe,F-0973-2022,2022-04-13,Class I,Terminated,"Fruit Fresh Up, Inc.","NY, MA, PA",All BBD 03/05/22 through 03/23/2022 1. Wegmans 32oz Cantaloupe Spears 2. Fresh Harvest 18oz Cantaloupe Spears 3. Tops Large Cantaloupe 4. Tops Small Cantaloupe 5. Lexington Co-op …
cantaloupe,F-0098-2021,2020-11-18,Class I,Terminated,Meijer Inc./Traffic Dept.,"Meijer stores in Michigan, Ohio, Indiana, Illinois, Kentucky and Wisconsin.","FRESH FROM MEIJER CANTALOUPE AND HONEYDEW SLICES, 24oz Clear plastic container, UPC 220219600079"
cantaloupe,F-0097-2021,2020-11-18,Class I,Terminated,Meijer Inc./Traffic Dept.,"Meijer stores in Michigan, Ohio, Indiana, Illinois, Kentucky and Wisconsin.","FRESH FROM MEIJER CANTALOUPE CHUNKS LARGE BOWL, 32oz Clear plastic container, UPC 219323109721. FRESH FROM MEIJER CANTALOUPE CHUNKS SMALL BOWL, 16oz Clear plastic container, UPC 2…"
carrot,H-0266-2026,2025-12-17,Class I,Terminated,CHETAK NEW YORK LLC,United States,Deep-brand Select Carrots Sliced Net Wt. 12 oz. (340 g) KEEP FROZEN
carrot,F-0359-2025,2025-01-08,Class I,Terminated,"Grimmway Enterprises, Inc. dba Grimmway Farms","Distribution Centers located in U.S. States: AL, AR, AZ, CA, CO, CT, FL, GA, HI, IA, ID, IL, IN, KS, KY, LA, MA, MD, MI…",--- Organic Baby Carrots --- Organic Baby Carrots 25 Grimmway Farms; Organic Baby Carrots 25 Lbs. Grimmway Farms --- Brand --- Grimmway Farms
carrot,F-0354-2025,2025-01-08,Class II,Terminated,Gracie's Kitchens Inc.,CT and NY,a.) Gracie's Kitchen brand Diced Carrots; UPC: 85316-10019; 10 oz plastic container
carrot,F-0360-2025,2025-01-08,Class I,Terminated,"Grimmway Enterprises, Inc. dba Grimmway Farms","Distribution Centers located in U.S. States: AL, AR, AZ, CA, CO, CT, FL, GA, HI, IA, ID, IL, IN, KS, KY, LA, MA, MD, MI…",--- Organic Whole Carrots --- Organic Carrot 125/6 Cal-Organic Farms; Organic Carrot 150/5 Bunny Luv; Organic Carrots 10/5 Lb O-Organic; Organic Carrots 10/5 Simple Truth; Organic…
carrot,F-0361-2025,2025-01-08,Class I,Terminated,"Grimmway Enterprises, Inc. dba Grimmway Farms","Distribution Centers located in U.S. States: AL, AR, AZ, CA, CO, CT, FL, GA, HI, IA, ID, IL, IN, KS, KY, LA, MA, MD, MI…",--- Organic Whole Carrots --- Organic Clip Carrots 50 Lbs Cal-Organic Farm; Organic Clip Carrots 50 Lbs Cal-Organic RPC --- Brand --- Cal-Organic
carrot,F-0357-2025,2025-01-08,Class I,Terminated,"Grimmway Enterprises, Inc. dba Grimmway Farms","Distribution Centers located in U.S. States: AL, AR, AZ, CA, CO, CT, FL, GA, HI, IA, ID, IL, IN, KS, KY, LA, MA, MD, MI…",--- Organic Baby Carrots --- Organic Baby Peeled Carrots 12/12oz Steam-to-Serve; Organic Baby Peel Carrot12/12oz Steam-to-Serve RPC --- Brand --- Cal-Organic; Marketside
carrot,F-0358-2025,2025-01-08,Class I,Terminated,"Grimmway Enterprises, Inc. dba Grimmway Farms","Distribution Centers located in U.S. States: AL, AR, AZ, CA, CO, CT, FL, GA, HI, IA, ID, IL, IN, KS, KY, LA, MA, MD, MI…",--- Organic Baby Carrots --- Orangic Baby Peeled Carrots 13/3 BL; Orangic Baby Peeled Carrots 30/1 BL; Org Baby Peeled Carrots 12/2 Wholesome Pantry RPC; Org Baby Peeled Carrots 2…
carrot,F-0292-2025,2024-12-25,Class I,Terminated,"F&S Fresh Foods, Inc.","AZ, CA, HI, ID, NV","WHOLE FOODS MARKET, Organic Carrots & Celery, NET WT. 15 oz (425 g), PERISHABLE KEEP REFRIGERATED, Packed For: Whole Foods Market Austin, TX 78703, Pre-washed and ready to eat"
carrot,F-0291-2025,2024-12-25,Class I,Terminated,"F&S Fresh Foods, Inc.","AZ, CA, HI, ID, NV","WHOLE FOODS MARKET, Organic Carrot Sticks, NET WT. 15 oz (425 g), PERISHABLE KEEP REFRIGERATED, Packed For: Whole Foods Market Austin, TX 78703, Pre-washed and ready to eat"
carrot,F-0280-2025,2024-12-18,Class I,Terminated,4 Earth Farms formerly Mcl Fresh Inc,"The firm distributed to seven (7) direct account consignees. Five(5) of those were distribution centers, two (2) were d…","Organic Carrots. Bulk 1 pound bags. Washed and ready to prepare, Perishable keep refrigerated. Distributed by 4Earth Farms, LLC., Commerce, CA 92022 USA"
carrot,F-0276-2025,2024-12-18,Class I,Terminated,4 Earth Farms formerly Mcl Fresh Inc,"The firm distributed to seven (7) direct account consignees. Five(5) of those were distribution centers, two (2) were d…","Organic Vegetable Medley; Broccoli, Carrots & Cauliflower. Washed and ready to prepare; Perishable keep refrigerated. NET WT 12 OZ (340g) (6 pack/case) DISTRIBUTED BY: Walmart Inc…"
carrot,F-0277-2025,2024-12-18,Class I,Terminated,4 Earth Farms formerly Mcl Fresh Inc,"The firm distributed to seven (7) direct account consignees. Five(5) of those were distribution centers, two (2) were d…","Organic Vegetable Medley; Broccoli, Cauliflower, & Carrots. Washed and ready to prepare; Perishable keep refrigerated. NET WT 12 OZ (340g) (6 pack/case) DISTRIBUTED BY: UNFI, Prov…"
carrot,F-0058-2025,2024-10-30,Class II,Terminated,"Youngstown Grape Distributors, Inc.","CA, TX, WA, KY, NC, NY, IL, VA, AL, GA, KS, CT, MI, MA, PA, OH, MD, WI, ND, MO, TN, NE, KS, RI, MN, FL, SC, IN, NJ, IA,…","Happy Moose Juice Tropical Roots packaged in a plastic 12 fl. oz. bottle. Ingredients: Mandarin Orange, Organic Carrot Juice, Organic Pineapple Juice, Lemon Juice, and Organic Tur…"
carrot,F-1098-2024,2024-04-03,Class II,Terminated,"Barsotti Juice Company, Inc.","U.S. distribution to the following: CA, CT, TX, WA, PA, NC, IL, FL, VA, AZ No foreign distribution","Barsotti Organic Carrot Juice 16 oz. and 64 oz. plastic bottles Perishable, Keep Refrigerated Ingredient: Fresh Pressed Organic Carrot Juice. Flash Pasteurized. Barsotti Juice Co.…"
carrot,F-0234-2023,2023-01-18,Class III,Terminated,Dole Fresh Vegetables Inc,"U.S. distribution to the following: AL, CT, FL, GA, LA, MA, MD, NC, NY, PA, SC, VA No foreign distribution.","Dole Diced Southern Slaw Green Cabbage, Carrots Preservative Free Thoroughly Washed Perishable/Keep Refrigerated NET WT 14 OZ (397 g) UPC 7143001036 Also Classic Coleslaw under Li…"
carrot,F-0189-2023,2022-12-14,Class II,Terminated,"Taylor Farms Northwest, LLC",Distributed in Washington only.,"Taylor Farms Carrot - Celery Sticks, Refrigerated & Ready To Eat product, packaged in a plastic clear clamshell container, net wt. 14 oz. Distributed by Taylor Farms NW Kent, WA 9…"
carrot,F-1786-2022,2022-09-28,Class II,Terminated,"Russ Davis Wholesale, LLC","IA, MI, MN, ND, SD, WI","Roasting Vegetables. With Olive Oil and Herbs. Contains: . Keep Refrigerated. Item 89350. Butternut Squash, Brussel Sprouts, Cauliflower, Carrot, Parsnip, Olive Oil, Salt, Black P…"
carrot,F-1759-2022,2022-09-28,Class II,Terminated,"Russ Davis Wholesale, LLC","IA, MI, MN, ND, SD, WI","Broccoli, Carrot, Strawberry, Red Grape. Net Wt. 11 oz. Item 80820 Packaged under the following brands: Crazy Fresh, quick & easy, and grocery store branded."
carrot,F-1772-2022,2022-09-28,Class II,Terminated,"Russ Davis Wholesale, LLC","IA, MI, MN, ND, SD, WI","Fresh Veggie Value Bowl. Contains: Carrots, Celery, Cauliflower, Broccoli, Radish. Keep Refrigerated. Net Wt. 2.5 lbs. Item 82709. Packaged in the following brands Crazy Fresh, qu…"
carrot,F-0813-2021,2021-08-11,Class I,Terminated,"Grimmway Enterprises, Inc. dba Grimmway Farms",Nationwide. Product also shipped to Canada but destroyed before it entered retail stores.,Organic Baby Rainbow Carrots Brand name: O Organics 12 oz. (340 g) plastic bag UPC: 0 7989398162 8 12 oz. bag - Wegmans. Did not reach retail. Destroyed at DC's 12 oz. bag - Green…
carrot,F-0815-2021,2021-08-11,Class I,Terminated,"Grimmway Enterprises, Inc. dba Grimmway Farms",Nationwide. Product also shipped to Canada but destroyed before it entered retail stores.,Organic Baby Peeled Carrots 12/12oz Steam-to-Serve
carrot,F-0809-2021,2021-08-11,Class I,Terminated,"Grimmway Enterprises, Inc. dba Grimmway Farms",Nationwide. Product also shipped to Canada but destroyed before it entered retail stores.,"Organic Petite Carrots Brand name: Cal-Organic, 12 oz. (340g) plastic bag UPC: 0 7878390810 3 Organic Premium Petite Carrots; Brand name: Bunny Luv 3 lb. (1.36kg) bag; UPC: 0 7878…"
carrot,F-0812-2021,2021-08-11,Class I,Terminated,"Grimmway Enterprises, Inc. dba Grimmway Farms",Nationwide. Product also shipped to Canada but destroyed before it entered retail stores.,Organic Peeled Baby-Cut Carrots Brand name: O Organics 1 lb. (454 g) plastic bag UPC: 0 7989340850 7 12 oz. packages - O Organics. Did not reach retail. Destroyed at DC's 12 oz. p…
carrot,F-0816-2021,2021-08-11,Class I,Terminated,"Grimmway Enterprises, Inc. dba Grimmway Farms",Nationwide. Product also shipped to Canada but destroyed before it entered retail stores.,"Carrots Chunk Peeled 2"" Grimmway Farms Sold in bulk - 50 lb., 25 lbs."
carrot,F-0810-2021,2021-08-11,Class I,Terminated,"Grimmway Enterprises, Inc. dba Grimmway Farms",Nationwide. Product also shipped to Canada but destroyed before it entered retail stores.,Organic Cut and Peeled Baby Carrots Brand name: Bunny Luv 1 lb.(454 g) plastic bag UPC: 0 3338390205 0;
carrot,F-0814-2021,2021-08-11,Class I,Terminated,"Grimmway Enterprises, Inc. dba Grimmway Farms",Nationwide. Product also shipped to Canada but destroyed before it entered retail stores.,"Matchstick carrots; 5 lb. bags, Brand Names: Cross Valley, Sysco, Grimmway Farms Also sold to bulk customers. 17/40 Grimmway Farms brand"
carrot,F-0567-2021,2021-06-02,Class II,Terminated,"Indianapolis Fruit Company, Inc.","Retailers in IL, IN, MI, OH, TN, WI","Garden Cut Coleslaw W/ Carrot Organic, 1lb plastic clamshell, UPC 053495081016, 4 1lb retail units per wholesale case. Item number: CACO41L / 17671"
carrot,F-0194-2021,2021-01-13,Class II,Terminated,Bonduelle Canada Inc.,"PA, OH, NY, IN, TE, NJ, AL, FL, WV","HRV Carrot.Cubes 1/20LB/HRV DCD Cartos 1/20LB - bag in box product in a corrugated case; IQF Cartotte Cubes 3/8"" 1/25LB/IQF Diced Cartos 3/8"" 1/25LB - bag in box product in corrug…"
carrot,F-1152-2020,2020-08-19,Class II,Terminated,"Indianapolis Fruit Company, Inc.","Retailers in IL, IN, MI, OH, TN, and WI","Garden Cut Organic Coleslaw w/ Carrots, retail unit packaged in 1lb clam-shell, 4 retail units per wholesale case, retail unit UPC: 053495081016"
carrot,F-1068-2020,2020-07-22,Class II,Terminated,Fresh Express Incorporated,"Domestic: Midwestern states of AR, CT, DC, DE, IA, IL, IN, KS, KY, MA, MD, ME, MI, MN, MO, MT, NC, ND, NE, NH, NJ, NY, …","Fresh Express Gourmet Cafe Creative Classics Turkey & Bacon Chef 5.75 oz.,UPC 071279407081, Iceberg & romaine lettuce, carrots & red cabbage"
carrot,F-1069-2020,2020-07-22,Class II,Terminated,Fresh Express Incorporated,"Domestic: Midwestern states of AR, CT, DC, DE, IA, IL, IN, KS, KY, MA, MD, ME, MI, MN, MO, MT, NC, ND, NE, NH, NJ, NY, …","Fresh Express Green & Crisp / Verde y Crujiente 11 oz., UPC 071279108049, (Canada UPC) 0 71279 10813 1, Iceberg & romaine lettuce, carrots & red cabbage"
carrot,F-1072-2020,2020-07-22,Class II,Terminated,Fresh Express Incorporated,"Domestic: Midwestern states of AR, CT, DC, DE, IA, IL, IN, KS, KY, MA, MD, ME, MI, MN, MO, MT, NC, ND, NE, NH, NJ, NY, …","Fresh Express Iceberg Garden / Lechuga Repollo 3 lbs., UPC 071279104119, Iceberg lettuce, carrots & red cabbage"
carrot,F-1071-2020,2020-07-22,Class II,Terminated,Fresh Express Incorporated,"Domestic: Midwestern states of AR, CT, DC, DE, IA, IL, IN, KS, KY, MA, MD, ME, MI, MN, MO, MT, NC, ND, NE, NH, NJ, NY, …","Fresh Express Iceberg Garden / Lechuga Repollo 12 oz., UPC 071279103020, (Canada UPC) 0 71279 10302 0, Green and red cabbage, kale, green leaf & Carrots. Fresh Express Iceberg Gar…"
carrot,F-1063-2020,2020-07-22,Class II,Terminated,Fresh Express Incorporated,"Domestic: Midwestern states of AR, CT, DC, DE, IA, IL, IN, KS, KY, MA, MD, ME, MI, MN, MO, MT, NC, ND, NE, NH, NJ, NY, …","Fresh Express American 11 oz.,UPC 071279241005, (Canada UPC) 0 71279 24100 5, Iceberg & romaine, carrots red cabbage & radish"
carrot,F-1053-2020,2020-07-22,Class II,Terminated,Fresh Express Incorporated,"Domestic: Midwestern states of AR, CT, DC, DE, IA, IL, IN, KS, KY, MA, MD, ME, MI, MN, MO, MT, NC, ND, NE, NH, NJ, NY, …","Fresh Express America's Fresh Old Fashioned Cole Slaw"" 14oz, UPC 071279123011, Green cabbage & carrots"
carrot,F-1066-2020,2020-07-22,Class II,Terminated,Fresh Express Incorporated,"Domestic: Midwestern states of AR, CT, DC, DE, IA, IL, IN, KS, KY, MA, MD, ME, MI, MN, MO, MT, NC, ND, NE, NH, NJ, NY, …","Fresh Express Gourmet Cafe Creative Classics Chopped Asian 6.25 oz., UPC 071279407111, Red and green cabbage, romaine lettuce, carrots & green onions"
carrot,F-1064-2020,2020-07-22,Class II,Terminated,Fresh Express Incorporated,"Domestic: Midwestern states of AR, CT, DC, DE, IA, IL, IN, KS, KY, MA, MD, ME, MI, MN, MO, MT, NC, ND, NE, NH, NJ, NY, …","Fresh Express Fancy Greens 7 oz., UPC 071279232010, Romaine lettuce, green tango, radicchio & carrots"
carrot,F-1091-2020,2020-07-22,Class II,Terminated,Fresh Express Incorporated,"Domestic: Midwestern states of AR, CT, DC, DE, IA, IL, IN, KS, KY, MA, MD, ME, MI, MN, MO, MT, NC, ND, NE, NH, NJ, NY, …","Giant Eagle Life s Getting Fresher Fresh American Blend 11 oz., UPC 030034923105, Iceberg & romaine lettuce, carrots, red cabbage & radish"
carrot,F-1075-2020,2020-07-22,Class II,Terminated,Fresh Express Incorporated,"Domestic: Midwestern states of AR, CT, DC, DE, IA, IL, IN, KS, KY, MA, MD, ME, MI, MN, MO, MT, NC, ND, NE, NH, NJ, NY, …","Fresh Express Premium Romaine / Lechuga Romana Especial 9 oz., UPC 071279108087, Romaine lettuce, carrots & red cabbage"
carrot,F-1065-2020,2020-07-22,Class II,Terminated,Fresh Express Incorporated,"Domestic: Midwestern states of AR, CT, DC, DE, IA, IL, IN, KS, KY, MA, MD, ME, MI, MN, MO, MT, NC, ND, NE, NH, NJ, NY, …","Fresh Express Farmer's Garden 9 oz., UPC 071279281025, Butter & red leaf lettuce, grape tomatoes, carrots & radishes"
carrot,F-1081-2020,2020-07-22,Class II,Terminated,Fresh Express Incorporated,"Domestic: Midwestern states of AR, CT, DC, DE, IA, IL, IN, KS, KY, MA, MD, ME, MI, MN, MO, MT, NC, ND, NE, NH, NJ, NY, …","Fresh Express Veggie Lover's 11 oz., UPC 071279281001, (Canada UPC) 0 71279 28106 3, Iceberg & romaine lettuce, carrots, pea pods, red cabbage & radishes"
carrot,F-1050-2020,2020-07-22,Class II,Terminated,Fresh Express Incorporated,"Domestic: Midwestern states of AR, CT, DC, DE, IA, IL, IN, KS, KY, MA, MD, ME, MI, MN, MO, MT, NC, ND, NE, NH, NJ, NY, …","Fresh Express Iceberg Garden / Lechuga Repollo 24 oz., UPC 071279104119, iceberg lettuce, carrots & red cabbage"
carrot,F-1082-2020,2020-07-22,Class II,Terminated,Fresh Express Incorporated,"Domestic: Midwestern states of AR, CT, DC, DE, IA, IL, IN, KS, KY, MA, MD, ME, MI, MN, MO, MT, NC, ND, NE, NH, NJ, NY, …","Fresh Express Veggie Spring Mix 7 oz., UPC 071279281049, Baby lettuce, carrots, red cabbage & radishes"
cashew,H-0455-2026,2026-02-11,Class I,Terminated,Everpress Juice,"The adulterated product was distributed the following states : AK,AZ CA, HI,ID,MT,NV,OR,UT,WA,AR,CO,IL,IN,LA,MN,MO,MS,N…","JUICE from the Raw, cashew milk"
cashew,H-0456-2026,2026-02-11,Class I,Terminated,Everpress Juice,"The adulterated product was distributed the following states : AK,AZ CA, HI,ID,MT,NV,OR,UT,WA,AR,CO,IL,IN,LA,MN,MO,MS,N…","JUICE from the Raw, cashew coffee milk"
cashew,H-0034-2026,2025-10-22,Class II,Completed,Now Foods,Nationwide,"NOW Real Food Organic Unsalted Whole Raw Cashews, 10 oz. pouch, UPC 7 33739 07066 1 Product Code 7066"
cashew,F-0813-2025,2025-06-04,Class II,Terminated,Honey Heaven Wholesale Inc,"Distributed in CA, OR, and WA","Kraft package is labeled as Hummingbird Organic Roasted Salted Cashews, net wt. 6oz."
cashew,F-1107-2024,2024-04-03,Class I,Terminated,Wenders LLC,"U.S. distribution: CA, WA, TX No foreign distribution.","Trader Joe's 50% Less Sodium Roasted & Salted Whole Cashews Net Wt. 15 oz (1 LB) 454g Dist. & Sold Exclusively By: Trader Joe's, Monrovia, CA 91016 Cashews Product of India and Vi…"
cashew,F-1403-2023,2023-08-23,Class I,Terminated,Heinens,Retail Locations in OH and IL,Heinen's Fresh Ground Cashew Butter: packaged in plastic circle containers 1lb. Sold individually.
cashew,F-1318-2023,2023-08-09,Class II,Terminated,"Houston Pecan Company, Inc",Texas and internet sales,Cashews Whole Raw packaged in 5 pound bags; Cashew Pieces packaged in 5 pound bags; Cashews Roasted NO SALT packaged in 5 pound bags
cashew,F-1343-2023,2023-08-09,Class II,Terminated,"Houston Pecan Company, Inc",Texas and internet sales,"Sweet & Salty Mix, Rst & Salted Peanuts, Rst & Salted Cashews, Raisins, Cranberries, Sunflower Seeds, Pumpkin Seeds, Sliced Almonds packaged in 5 pound bags"
cashew,F-0353-2023,2023-02-22,Class III,Terminated,Brittle Brothers LLC,TN,"Peanut Brittle, Cashew Brittle, Pecan Brittle, Bacon Brittle, Nashville Hot Brittle 5 oz, 8 oz, 16oz and bulk packaging"
cashew,F-0734-2022,2022-02-23,Class II,Terminated,Honey Heaven Wholesale Inc,Products were distributed at retail in OR and to consignees in CA and WA.,"Organic Roasted Salted Cashews, Net Weight of 6 oz (170g), UPC 6 16316 76283 1. Product is packed in a brown kraft stand-up paper pouch with plastic front viewing window with a zi…"
cassava,H-0292-2026,2025-12-17,Class I,Terminated,CHETAK NEW YORK LLC,United States,Deep-brand PREMIUM Select Tapioca (Cassava) Diced KEEP FROZEN Net Wt. 12 oz. (340 g)
cauliflower,H-0236-2025,2025-07-16,Class II,Terminated,UNFI General Corporate,"NJ, NY, MD, DC, PA",1. WLD HRVST OG2 CAULIFLOWER
cauliflower,F-0576-2025,2025-03-05,Class II,Terminated,Deiorio Foods Inc,"TX, MD, WI, CA, CO, NC, AZ, ID, OR, OH, UT","5912MOD-CAU 11"" Gluten Free Friendly Cauliflower Shell; Bulk packaged in a blue poly bag, within a corrugated box. 20 units per case; Product UPC: 074542659125; Master Case GTIN: …"
cauliflower,F-0276-2025,2024-12-18,Class I,Terminated,4 Earth Farms formerly Mcl Fresh Inc,"The firm distributed to seven (7) direct account consignees. Five(5) of those were distribution centers, two (2) were d…","Organic Vegetable Medley; Broccoli, Carrots & Cauliflower. Washed and ready to prepare; Perishable keep refrigerated. NET WT 12 OZ (340g) (6 pack/case) DISTRIBUTED BY: Walmart Inc…"
cauliflower,F-0277-2025,2024-12-18,Class I,Terminated,4 Earth Farms formerly Mcl Fresh Inc,"The firm distributed to seven (7) direct account consignees. Five(5) of those were distribution centers, two (2) were d…","Organic Vegetable Medley; Broccoli, Cauliflower, & Carrots. Washed and ready to prepare; Perishable keep refrigerated. NET WT 12 OZ (340g) (6 pack/case) DISTRIBUTED BY: UNFI, Prov…"
cauliflower,F-1786-2022,2022-09-28,Class II,Terminated,"Russ Davis Wholesale, LLC","IA, MI, MN, ND, SD, WI","Roasting Vegetables. With Olive Oil and Herbs. Contains: . Keep Refrigerated. Item 89350. Butternut Squash, Brussel Sprouts, Cauliflower, Carrot, Parsnip, Olive Oil, Salt, Black P…"
cauliflower,F-1769-2022,2022-09-28,Class II,Terminated,"Russ Davis Wholesale, LLC","IA, MI, MN, ND, SD, WI","Riced Sweet Potato & Cauliflower. Keep Refrigerated. Item 80998. Net Wt. 12 oz. Packed under brands: Crazy Fresh, quick & easy, and grocery store branded."
cauliflower,F-1761-2022,2022-09-28,Class II,Terminated,"Russ Davis Wholesale, LLC","IA, MI, MN, ND, SD, WI","Cauliflower packaged in the following forms and brands: 1. Item 80836. Cauliflower Steak Net Wt. 12 oz. Keep Refrigerated. Crazy Fresh, quick & easy, and grocery store branded. 2.…"
cauliflower,F-1772-2022,2022-09-28,Class II,Terminated,"Russ Davis Wholesale, LLC","IA, MI, MN, ND, SD, WI","Fresh Veggie Value Bowl. Contains: Carrots, Celery, Cauliflower, Broccoli, Radish. Keep Refrigerated. Net Wt. 2.5 lbs. Item 82709. Packaged in the following brands Crazy Fresh, qu…"
cauliflower,F-1768-2022,2022-09-28,Class II,Terminated,"Russ Davis Wholesale, LLC","IA, MI, MN, ND, SD, WI","Riced Cauliflower. Keep Refrigerated. Item 80997. Net Wt. 12 oz. Packed under brands: Crazy Fresh, quick & easy, and grocery store branded."
cauliflower,F-1758-2022,2022-09-28,Class II,Terminated,"Russ Davis Wholesale, LLC","IA, MI, MN, ND, SD, WI","Tomato, Radish, Broccoli, Cauliflower. Net Wt. 11 oz. Item 80819 Packaged under the following brands: Crazy Fresh, quick & easy, and grocery store branded."
caviar,H-0391-2025,2025-08-13,Class I,Terminated,Krasnyi Oktyabr USA Inc,"AZ, CA, CO, FL, GA, KS, MA, MI, MN, MO, NY, OH, PA, TX, WA, WI","ARAL FISH; ARAL SILVER VOBLA; WHOLE DRIED, SALTED ROACH FISH EVISCERATED; FISH ROE DRIED; Ingredients: whole eviscerated dried roach fish, caviar may be present, salt.; Distribute…"
celery,H-0464-2026,2026-02-11,Class II,Ongoing,"Organic Spices, Inc","U.S. Distribution: CA, CO, IL, IN, MI, NC, NY, OH, OR, PA, TX, UT, WA",spicely ORGANIC celery salt NO ARTIFICIAL COLORING NO GLUTEN - NO MSG - NO SOY NO PRESERVATIVES - NO WHEAT NO SUGAR - NO SALT - NO IRRADIATION Net wt: 2.4oz (68g) Ingredients: Sal…
celery,H-0221-2025,2025-07-16,Class I,Terminated,"The Whole Herb Company, Inc.",Domestic: IA. Foreign: Not Applicable.,"Celery Seed Whole Organic, labeled, ""CELERY SEED WHL OG; Net Wt: 56.25 Lbs"""
celery,F-0328-2025,2025-01-08,Class II,Terminated,Gracie's Kitchens Inc.,CT and NY,a.) King Kullen brand Diced Celery; UPC: 85316-10083; 12 oz plastic container b.) Wild By Nature brand Diced Celery; UPC: 85316-10083; 12 oz plastic container c.) Gracie's Kitchen…
celery,F-0292-2025,2024-12-25,Class I,Terminated,"F&S Fresh Foods, Inc.","AZ, CA, HI, ID, NV","WHOLE FOODS MARKET, Organic Carrots & Celery, NET WT. 15 oz (425 g), PERISHABLE KEEP REFRIGERATED, Packed For: Whole Foods Market Austin, TX 78703, Pre-washed and ready to eat"
celery,F-0331-2024,2023-11-15,Class I,Terminated,"Gills Onions, LLC","Distributors in Canada AB, BC, NB, NS, ON; and the United States AZ, CA, CO, CT, FL, GA, IA, ID, IL, IN, KY, LA, MA, MD…","Gills Onions 8 oz cups, diced celery & onions"
celery,F-0189-2023,2022-12-14,Class II,Terminated,"Taylor Farms Northwest, LLC",Distributed in Washington only.,"Taylor Farms Carrot - Celery Sticks, Refrigerated & Ready To Eat product, packaged in a plastic clear clamshell container, net wt. 14 oz. Distributed by Taylor Farms NW Kent, WA 9…"
celery,F-1772-2022,2022-09-28,Class II,Terminated,"Russ Davis Wholesale, LLC","IA, MI, MN, ND, SD, WI","Fresh Veggie Value Bowl. Contains: Carrots, Celery, Cauliflower, Broccoli, Radish. Keep Refrigerated. Net Wt. 2.5 lbs. Item 82709. Packaged in the following brands Crazy Fresh, qu…"
celery,F-1295-2022,2022-06-22,Class I,Terminated,"Indianapolis Fruit Company, Inc.","Kentucky, Illinois, Indiana, Michigan, Ohio, West Virginia, and Wisconsin.","Garden Cut Celery Bites w/ Peanut Butter Celery, 6oz. clear plastic clamshell UPC 053495080705; 4 retail units per wholesale case."
celery,F-0132-2022,2021-11-17,Class II,Terminated,E-Z Spuds Inc,"Manufacturers and Food service establishments in the Chicago, IL metro area","E-Z Spuds Inc. 10# 30# Celery diced, crosscut"
celery,F-0674-2021,2021-06-16,Class I,Terminated,"BCFoods, Inc.","Manufactures and distributors in WI, OH, FL, MD, WA, PA, MN, and CA","BC Foods Celery Stalk and Leaf Dice 3/8, AD Sulfites, 11 lb. Poly lined bulk fiber carton. Item code: VCE1-D38-AXG-AB-AR"
celery,F-0673-2021,2021-06-16,Class I,Terminated,"BCFoods, Inc.","Manufactures and distributors in WI, OH, FL, MD, WA, PA, MN, and CA","BC Foods AD Celery Stalk Canners, 25 lb. Poly lined bulk fiber carton, item code VCES-TCA-BJA-AA-AB; BC Foods AD Celery Stalk Cross Cut, 25 lb. Poly lined bulk fiber carton, item …"
cheddar-cheese,H-0424-2026,2026-02-04,Class II,Terminated,"Prima Vera Nueva, Inc.","U.S. Distribution: CA, NV","Mushroom, Spinach & Salsa Tamales with 2 Cheeses Ingredients: Organic Corn Flour Masa, Mushrooms, Spinach, Onions, Jalapenos, Jack and White Cheddar Cheese (pasteurized milk, chee…"
cheddar-cheese,H-0425-2026,2026-02-04,Class II,Terminated,"Prima Vera Nueva, Inc.","U.S. Distribution: CA, NV","Roasted Pumpkin & White Cheddar Tamales Ingredients: Organic Corn Flour Masa, Pumpkin, Green Chile, Sharp Cheddar Cheese (Pasteurized Milk, Cheese Cultures, Salt and Enzymes), But…"
cheddar-cheese,F-1373-2024,2024-06-26,Class I,Terminated,Raw Farm LLC,"Products are distributed to retailers and distribution centers in the following U.S. states: TX, CA, CO, AZ. No foreign…","Raw Cheddar Cheese, made from unpasteurized milk, 8 oz (1/2 lb) block, Keep Refrigerated under 40 degrees"
cheddar-cheese,F-1372-2024,2024-06-26,Class I,Terminated,Raw Farm LLC,"Products are distributed to retailers and distribution centers in the following U.S. states: TX, CA, CO, AZ. No foreign…","Raw Cheddar Cheese, made from unpasteurized milk, 16 oz (1 lb) block, Keep Refrigerated under 40 degrees"
cheddar-cheese,F-1374-2024,2024-06-26,Class I,Terminated,Raw Farm LLC,"Products are distributed to retailers and distribution centers in the following U.S. states: TX, CA, CO, AZ. No foreign…","Raw Cheddar Cheese, made from unpasteurized milk, 8 oz (1/2 lb), shredded, in a plastic bag, Keep Refrigerated under 40 degrees"
cheddar-cheese,F-0911-2024,2024-02-28,Class II,Terminated,"Country Corner Dairy, LLC","The recall product was distributed to the following states : MD, VA","Fresh Local , Country Corner Dairy, WHITE CHEDDAR CHEESE, INGREDIENTS: Pasteurized Milk, Salt , Rennet, Calcium Chloride, Cheese Culture, Contains Milk. Product comes in various s…"
cheddar-cheese,F-0914-2024,2024-02-28,Class II,Terminated,"Country Corner Dairy, LLC","The recall product was distributed to the following states : MD, VA","Fresh Local , Country Corner Dairy, YELLOW CHEDDAR CHEESE, INGREDIENTS: Pasteurized Milk, Salt , Rennet, Calcium Chloride, Cheese Culture, Color, Contains Milk. Product comes in v…"
cheddar-cheese,F-1319-2022,2022-06-29,Class I,Terminated,"Taher, Inc.",MN,"Fresh Seasons Kitchen Power Pack. Fresh grapes, mild cheddar cheese, hard-boiled egg, whole wheat flatbread & Peanut Butter. ID# HP-981 UPC 10106-02165. Keep Refrigerated. Labeled…"
cherry,H-0009-2026,2025-10-08,Class III,Ongoing,Gina Marie Bakery LLC,Firm notified FDA of recall initiated by state of CT on 09/10/25. A copy of CT press release was requested for posting …,Toasted Cherry Biscotti
cherry,H-0007-2026,2025-10-08,Class III,Ongoing,Gina Marie Bakery LLC,Firm notified FDA of recall initiated by state of CT on 09/10/25. A copy of CT press release was requested for posting …,Toasted Almond & Cherry Biscotti
cherry,F-0032-2025,2024-10-23,Class III,Terminated,Walmart Inc,Nationwide,"Great Value Diced Peaches, Mandarin Segments, & Cherry Mixed Fruits Variety Pack, 4 oz, 12 Pack"
cherry,F-0835-2022,2022-03-16,Class II,Terminated,"Chicago Sweet Connections, Inc.",Retail locations in IL and WI,Chicago Sweet Connections: Paczkis - Cherry Flavor packaged in a clear plastic clamshell 4 pack
cherry,F-1004-2020,2020-07-08,Class II,Terminated,Coca Cola,"Corpus Christi and San Antonio, TX Metropolitan areas",Cherry Coke 20 oz UPC 049000018011
cherry,F-1006-2020,2020-07-08,Class II,Terminated,Coca Cola,"Corpus Christi and San Antonio, TX Metropolitan areas",Dr Pepper Cherry 20 oz UPC 078000098402
cilantro,H-1010-2026,2026-06-10,Class III,Terminated,Albertsons Companies LLC,Nationwide.,UPC 23070400000 SHRIMP SKEWER MEDIUM RAW CILANTRO LIME This is Albertson's store-made item and sold by random weight at point of sale with grocery store's scale label.
cilantro,H-0428-2026,2026-02-04,Class II,Terminated,"Prima Vera Nueva, Inc.","U.S. Distribution: CA, NV","Black Bean Bonanza Tamales with Black Beans NO DAIRY Ingredients: Organic Corn Flour Masa, Black Beans, Salsa (Tomatoes, Onions, Chiles, Garlic & Cilantro), Non-GMO Corn, Non-hydr…"
cilantro,H-0239-2025,2025-07-16,Class II,Terminated,UNFI General Corporate,"NJ, NY, MD, DC, PA",1. USA OG2 BNCH CILANTRO
cilantro,F-1086-2024,2024-03-27,Class I,Terminated,"Reser's Fine Foods, Inc.","Distributed in CA, CT, FL, ID, IL, MD, MT, NJ, NV, OR, PA, SD, TX, UT, VA, and WA.","FCF Item #404967, Costco Item #1506878, Cilantro Lime Crema, 60/4oz plastic cups per case. Labeled cups only sold in bulk for Food Service Use not for individual sale. UPC 13454 3…"
cinnamon,H-0555-2026,2026-03-18,Class I,Ongoing,Made Fresh Salads Inc,New York,Made Fresh Salads brand Apple Cinnamon Cream Cheese; 5 lb white plastic tub
cinnamon,H-0169-2026,2025-11-12,Class II,Terminated,TBC Distribution Corporate,"NC, NJ, OH, NY, MD, FL, SC, PA, MI, GA, MD, IL",Lucky Foods Cinnamon Powder; 40g
cinnamon,H-0070-2026,2025-10-22,Class II,Terminated,"SLR Food Distribution, Inc.","NY, MN, FL, OK, OH",Wise Wife Ground Cinnamon
cinnamon,H-0388-2025,2025-08-13,Class III,Terminated,"Stickney Hill Dairy, LLC",NY,"Boar's Head Chevre Goat Cheese Cranberry Cinnamon, Net Wt 4 oz (113g). UPC 0 42421-15231 9. Keep Refrigerated. Distributed By: Brunckhorst Co., NY, NY 11206-3886."
cinnamon,H-0368-2025,2025-08-06,Class II,Terminated,Reisman Bros Bakery,"NY, NJ, PA, MD, IL, CA, FL, MA, MI",Reisman's Cinnamon Danishes 3 oz.
cinnamon,H-0364-2025,2025-08-06,Class II,Terminated,Reisman Bros Bakery,"NY, NJ, PA, MD, IL, CA, FL, MA, MI",Reisman's Cinnamon Croissants 3 oz.
cinnamon,F-0250-2025,2024-12-11,Class II,Ongoing,Apple Wedge LLC,"Products were shipped to GA, NC, SC and FL.","Cinnamon Pasteurized APPLE WEDGE CIDER 1/2 Gal. (1.89L) HENDERSONVILLE, NC 28792 Keep Refrigerated Produce of USA Ingredients: Apples, Natural Cinnamon Flavor. 0.1% Potassium Sorb…"
cinnamon,F-1122-2024,2024-04-17,Class II,Terminated,Spices USA Inc.,"Distributors in 3 states: FL, GA, and NC; Trinidad and Tobago (W.I.); Guayana","Tasty-Sawa Cinnamon Ground, Net Wt. 55.11 lbs, paper bag (bulk), Country of Origin Vietnam"
cinnamon,F-0729-2023,2023-04-19,Class II,Terminated,E S Foods,Nationwide,61288 Mini Animal Graham Cinnamon SB
cinnamon,F-0722-2023,2023-04-19,Class II,Terminated,E S Foods,Nationwide,61119 RS Cinnamon Toast Crunch BB
cinnamon,F-0042-2023,2022-10-26,Class II,Terminated,Titusville Dairy Products Co.,Distributed to the recalling firm's direct consignee in PA.,Turner's Apple Cinnamon Whole Milk Cottage Cheese 5.3oz. (150g) UPC:3573300169
cinnamon,F-0040-2021,2020-10-28,Class I,Terminated,Sauer Brands Inc - SLO,nationwide and on line sales,The Spice Hunter Saigon Organic Cinnamon 1.7 oz. Jar UPC 8105701245 Case UPC 40081057012459
cinnamon,F-0005-2021,2020-10-14,Class I,Terminated,Kalustyan Corp.,Distributed in bulk to TX and IL in the US. Distributed to foreign facilities in Canada and Costa Rica,Ground cinnamon. Packaged in bulk 50 lb. corrugated boxes with inside liner.
cinnamon,F-1464-2020,2020-09-09,Class II,Terminated,Sundial Herbal Products,NY,"""SUNDIAL***Traditional Herbal Products***TRADITIONAL ORGANIC HERBS***CINNAMON***1 oz.***USES: STOMACH PAIN, MUCOUS CONGESTION, COLDS, NOSE BLEED, STIMULANT, FLAVORING***""; package…"
cinnamon,F-1319-2020,2020-08-19,Class II,Terminated,San Francisco Street Bakery Inc.,distributed in WA only.,"Cinnamon Raisin Bagel, San Francisco Street Bakery brand, keep at ambient temperature. Packaged in flex poly bags for bulk or various quantities specific to customer order. No UPC…"
coconut,H-0553-2025,2025-09-10,Class II,Terminated,"TAMPA MAID FOODS, LLC","Product was distributed to OH, MI, WI, PA, TX, MN, SC, OK, TN, MI, IL, KY, FL, VA,","Clean-tail Coconut Farm Raise Breaded Butterfly Shrimp Clean Tail (21/25 CT per pound) in bulk packaging, corrugated master cartons. Master carton case (4 x 3lb), KEEP FROZEN. Pro…"
coconut,F-1490-2024,2024-07-31,Class II,Ongoing,"Best Express Foods, Inc.","U.S. distribution to the following: CA, CO, AZ, WA, UT, TX, NJ, MD, IL, MI, MN, GA, FL Foreign distribution to the foll…","Universal Bakery Organic Aussie Bites, 30 oz clamshell container USDA Organic Certified Gluten Free Rolled Oats, Dried Apricots, Flax Seeds, Sunflower Seeds, Honey, Coconut, Quino…"
coconut,F-0613-2022,2022-02-02,Class I,Terminated,Nutralliance Inc,"CA, NV, NJ, NY, FL",Medium Chain Triglyceride (MCT) Powder 50% from Coconut / CocoTrim packaged in 20 kilogram brown bags with plastic inner lining for bulk sale to supplement manufacturers. Exclusiv…
coconut,F-0793-2021,2021-07-28,Class I,Terminated,Nutralliance Inc,Nationwide. Canada.,Medium Chain Triglyceride (MCT) Powder 50% from Coconut / CocoTrim packaged in 20 kilogram brown bags with plastic inner lining for bulk sale to supplement manufacturers. Exclusiv…
coconut,F-0794-2021,2021-07-28,Class I,Terminated,Nutralliance Inc,Nationwide. Canada.,Medium Chain Triglyceride (MCT) Powder 70% from Coconut / CocoTrim packaged in 20 kilogram brown bags with plastic inner lining for bulk sale to supplement manufacturers. Exclusiv…
coconut,F-0226-2021,2021-01-27,Class II,Terminated,Piping Rock Health Products,"IL, NY, MS, MI, MT, TN, WA, ID, FL, IN, KS, VA, UT, CA, KY, OK, CT, OH, AZ, MD, TX, IA, PA, NJ, WI, NM, SC, NC, NV, DC,…","FITNESS LABS***Organic***Coconut Oil***Extra Virgin***16 fl. oz. (473 mL)***Carefully Designed and Distributed by Piping Rock Health Products, LLC Ronkonkoma, NY 11779***"
coconut,F-0906-2020,2020-04-01,Class III,Terminated,"Organic By Nature, Inc.","nationwide, Canada and Netherlands",Touchstone Essentials Organic Super Protein Vanilla Coconut; Whole Food Dietary Supplement; Net Wt. 18.3 oz. (520g) Plastic Bottle; Finished Product Item#: FTEVPVC520G Manufacture…
coconut,F-0775-2020,2020-03-11,Class II,Terminated,"Vitamin Cottage Natural Food Markets, Inc.","157 Natural Grocers' stores in AR, AZ, CO, IA, ID, KS, LA, MN, MS, MT, NE, NV, NM, ND, OK, OR, TX, UT, WA, WY","Natural Grocers Organic Extra Virgin Coconut Oil, packaged in glass jars with metal lids and a plastic shrink seal, 17.5 oz. (518 mL), UPC# 849327-000368, Vitamin Cottage Natural …"
coconut,F-0776-2020,2020-03-11,Class II,Terminated,"Vitamin Cottage Natural Food Markets, Inc.","157 Natural Grocers' stores in AR, AZ, CO, IA, ID, KS, LA, MN, MS, MT, NE, NV, NM, ND, OK, OR, TX, UT, WA, WY","Natural Grocers Organic Extra Virgin Coconut Oil, packaged in glass jars with metal lids and a plastic shrink seal, 32 oz. (946 mL), UPC# 849327-000375, Vitamin Cottage Natural Fo…"
coffee,H-0456-2026,2026-02-11,Class I,Terminated,Everpress Juice,"The adulterated product was distributed the following states : AK,AZ CA, HI,ID,MT,NV,OR,UT,WA,AR,CO,IL,IN,LA,MN,MO,MS,N…","JUICE from the Raw, cashew coffee milk"
coffee,F-0846-2023,2023-05-17,Class II,Terminated,Windy Hill Chocolate LLC,Domestic consignee only.,Coffee Bonbon
coffee,F-0318-2022,2021-12-29,Class III,Terminated,Black Rifle Coffee Company,Tennessee,Black Rifle Coffee Mac V Whole Bean Coffee 12oz PET bags 40 bags per case
coffee,F-1507-2020,2020-09-09,Class II,Terminated,Sundial Herbal Products,NY,Ethiopian Coffee
coffee,F-0501-2020,2020-01-22,Class II,Terminated,Buddy Brew Coffee,Retail and wholesale distribution within the state of Florida.,Organic Cold brew BUDDY BREW COFFEE BOLT Original 10.5 oz. cans and 5 and 7.5 gallon kegs
coffee,F-0502-2020,2020-01-22,Class II,Terminated,Buddy Brew Coffee,Retail and wholesale distribution within the state of Florida.,Organic Cold brew BUDDY BREW COFFEE BOLT NITRO 10.5 oz. cans and 5 and 7.5 gallon kegs
collard-greens,F-0923-2023,2023-05-31,Class I,Terminated,Lancaster Foods LLC,"Distributors and retailers in MA, MD, PA, NY, NJ, and VA.","ROBINSON FRESH COLLARD GREENS, 16 OZ, UPC:0-95829-60006-7. Packaged in sealed plastic bags, 8 in a case. GIANT COLLARD GREENS, 16 OZ, UPC: 6-88267-05311-5. Packaged in sealed plas…"
cucumber,H-0525-2026,2026-03-04,Class III,Terminated,TENGEN USA TRADING CORP,"NY, PA, FL, LA, TX","YO!MAN CUCUMBER (FRESH HUNAN FLAVOR); Ingredients: Cucumber, chili pepper, edible vegetable oil, salt, water, sugar, brewing vinegar, food additives (monosodium glutamate, sodium …"
cucumber,H-0642-2025,2025-10-08,Class I,Terminated,Chefs Warehouse,"The recalled product was distributed to the following states: MD, DE, VA,",190 cs Cucumber Select 15ct
cucumber,H-0646-2025,2025-10-08,Class I,Terminated,Chefs Warehouse,"The recalled product was distributed to the following states: MD, DE, VA,",98 cs Cucumber - Super 6 Ct
cucumber,H-0645-2025,2025-10-08,Class I,Terminated,Chefs Warehouse,"The recalled product was distributed to the following states: MD, DE, VA,","15 lbs. Cucumbers Diced 1/4"""
cucumber,H-0644-2025,2025-10-08,Class I,Terminated,Chefs Warehouse,"The recalled product was distributed to the following states: MD, DE, VA,","5 lbs. Cucumber Diced 1/2"""
cucumber,H-0643-2025,2025-10-08,Class I,Terminated,Chefs Warehouse,"The recalled product was distributed to the following states: MD, DE, VA,","10lbs. Cucumbers Sliced 1/4"", 5 lbs. Cucumber Sliced 1/4"""
cucumber,H-0606-2025,2025-09-24,Class I,Terminated,"PRIMO NO. 1 IN PRODUCE, INC","The recalled product was distributed to the following states : VA, NY, PA, NJ","Cucumbers Peeled/Dice 1/4"" KBS 5LB, Cardboard boxes"
cucumber,H-0607-2025,2025-09-24,Class I,Terminated,"PRIMO NO. 1 IN PRODUCE, INC","The recalled product was distributed to the following states : VA, NY, PA, NJ","Cucumber Peeled Sliced KBS 2/5lb, Cardboard Boxes"
cucumber,H-0610-2025,2025-09-24,Class I,Terminated,"PRIMO NO. 1 IN PRODUCE, INC","The recalled product was distributed to the following states : VA, NY, PA, NJ","Cucumber Sliced 8oz 8ct/4#AV, Cardboard Boxes"
cucumber,H-0608-2025,2025-09-24,Class I,Terminated,"PRIMO NO. 1 IN PRODUCE, INC","The recalled product was distributed to the following states : VA, NY, PA, NJ","Cucumber Sliced PLD ¿ KBS 2/10lb, Cardboard Boxes"
cucumber,H-0264-2025,2025-07-23,Class I,Terminated,AND GO CONCEPTS DBA SALAD AND GO,Arizona and Nevada,"FG20004 Cucumber, Sliced packaged in poly bag, and cardboard case. 16 lbs per case"
cucumber,H-0225-2025,2025-07-16,Class II,Terminated,UNFI General Corporate,"NJ, NY, MD, DC, PA",1. CANADA ENGLISH CUCUMBER
cucumber,H-0217-2025,2025-07-09,Class I,Ongoing,FUENTES FARMS LLC,Texas,Cucumbers Box 40Lbs 1 1/9 Bushels.
cucumber,H-0030-2025,2025-06-18,Class I,Terminated,LIPMAN FAMILY FARMS,"Product was distributed to AZ, CA, IL, FL, WI, MA, MS, MN, CA, NC, VA, TN, VT, CT, NY, MD, PA, NJ, TX","Cucumber Super Selec Repacked by Lipman Produce Hendersonville, NC 28792, Product of USA"
cucumber,H-0029-2025,2025-06-18,Class I,Terminated,LIPMAN FAMILY FARMS,"Product was distributed to AZ, CA, IL, FL, WI, MA, MS, MN, CA, NC, VA, TN, VT, CT, NY, MD, PA, NJ, TX",PR Cucumber Sliced 2/5# 1/4 Pack Date May 22 Product of USA Lipman Family Farms Hendersonville / NC
cucumber,H-0028-2025,2025-06-18,Class I,Terminated,LIPMAN FAMILY FARMS,"Product was distributed to AZ, CA, IL, FL, WI, MA, MS, MN, CA, NC, VA, TN, VT, CT, NY, MD, PA, NJ, TX","Cucumber 5lb Repacked by Lipman Produce Hendersonville, NC 28792, Product of USA"
cucumber,H-0018-2025,2025-06-18,Class I,Terminated,Sysco Corporation,"DC, DE, FL, GA, MA, MD, MI, NC, NJ, OH, PA, SC, VA, WV, CT, KY, VT and Puerto Rico",3909520 2/5# IMPERIAL FRESH CUCUMBER DICED 3/8 SK-ON ALL LOT CODES 480414 2/5 # IMPERIAL FRESH FC CUCUMBER STRIPED AND SLICED ALL LOT CODES 481768 12/3 OZ IMPERIAL FRESH FC VEG VE…
cucumber,H-0037-2025,2025-06-18,Class I,Terminated,"TGD Cuts, LLC","The recall product was distributed to the following States: MD, PA, NC, VA, NJ","Cucumber Sliced Unpeeled, Pack Size 50, 2 oz. , 50 per case"
cucumber,H-0036-2025,2025-06-18,Class I,Terminated,"TGD Cuts, LLC","The recall product was distributed to the following States: MD, PA, NC, VA, NJ","Cucumber Sliced Unpeeled, Pack Size 5 lbs. , 1 per case"
cucumber,H-0027-2025,2025-06-18,Class I,Terminated,LIPMAN FAMILY FARMS,"Product was distributed to AZ, CA, IL, FL, WI, MA, MS, MN, CA, NC, VA, TN, VT, CT, NY, MD, PA, NJ, TX","Cucumber Super Selec Repacked by Lipman Produce Hendersonville, NC 28792, Product of USA"
cucumber,H-0031-2025,2025-06-18,Class I,Terminated,Sardilli Produce & Dairy Co. Inc.,MA,Smartcuts Cucumber Sliced Trays 2/2lb
cucumber,H-0026-2025,2025-06-18,Class I,Terminated,LIPMAN FAMILY FARMS,"Product was distributed to AZ, CA, IL, FL, WI, MA, MS, MN, CA, NC, VA, TN, VT, CT, NY, MD, PA, NJ, TX","Cucumber 24 Ct Repacked by Lipman Produce Hendersonville, NC 28792, Product of USA"
cucumber,H-0039-2025,2025-06-18,Class I,Terminated,"TGD Cuts, LLC","The recall product was distributed to the following States: MD, PA, NC, VA, NJ","Cucumber Sliced/Grape Tomato 50/2oz. Pack, 50 per case"
cucumber,H-0038-2025,2025-06-18,Class I,Terminated,"TGD Cuts, LLC","The recall product was distributed to the following States: MD, PA, NC, VA, NJ","Cucumber Sliced/Grape Tomato 50/2oz. Pack, 50 per case"
cucumber,H-0013-2025,2025-06-11,Class I,Terminated,Alex Kontos/Flavor-Pic Tomato Company,One (1) distributor in: KY,"Whole select cucumbers, 1/2 bushel, packed in a generic cardboard box, labeled as CUCUMBER Grn Ctn 24ct Box Packed By: Alex Kontos Fruit Co., Inc. Birmingham, AL"
cucumber,H-0002-2025,2025-06-11,Class I,Terminated,"Bedner Growers, Inc.",Florida,"Cucumbers, Wholesale Produce Supply, Bedner Growers, Inc. 10066 Lee Road Boynton Beach, FL 33473 (561)733-5490. Cucumbers were packaged in cardboard shipping boxes to customers wi…"
cucumber,H-0003-2025,2025-06-11,Class I,Terminated,Walmart Inc,"12 Retail locations in Texas: Ennis, TX; Palestine, TX; Longview, TX; Benbrook/Ft. Worth, TX; Wichita Falls, TX; Frisco…","Fresh cut cucumber slices, Marketside, packaged in clear plastic circular container with clear plastic lid and white adhesive label with black print, Walmart, Inc. Bentonville, AR…"
cucumber,F-0399-2025,2025-01-22,Class I,Terminated,HARDIES FRESH FOODS,Texas,"14019 Cucumber Select 6 CT, 01034 Cucumber Select 5# packaged in polybags Dairyland Produce, LLC"
cucumber,F-0400-2025,2025-01-22,Class I,Terminated,WHOLESALE PRODUCE SUPPLY LLC DBA,"IA, IL, KS, MN, MT, ND, NE, SD, WI and Canada","Cucumbers, Wholesale Produce Supply, 752 Kasota Circle, Minneapolis, MN 554145. Product of Mexico. Cucumbers sold in the following pack sizes: 1. 5 lb. pack 2. 6 ct individual ite…"
cucumber,F-0394-2025,2025-01-22,Class I,Terminated,First Quality Produce,Distributed within CA to 13 consignees. Product was not distributed to retail.,Cucumber Coins (sliced cucumbers); 5-lb plastic trays Brand: First Quality Produce
cucumber,F-0395-2025,2025-01-22,Class I,Terminated,First Quality Produce,Distributed within CA to 13 consignees. Product was not distributed to retail.,Cucumber Spear; 5-lb plastic trays Brand: First Quality Produce
cucumber,F-0396-2025,2025-01-22,Class I,Terminated,First Quality Produce,Distributed within CA to 13 consignees. Product was not distributed to retail.,Cucumber Diced; 5-lb plastic trays Brand: First Quality Produce
cucumber,F-0385-2025,2025-01-15,Class I,Terminated,"Dairyland Produce, LLC",Texas,Texas Harvest Product: 01035 Cucumber Sliced 5# 5-pound trays with sealed film
cucumber,F-0372-2025,2025-01-08,Class I,Terminated,Delta Fresh LLC.,"Recalled product was distributed to the following states: AZ, CA, IL, MD, MI, MN, NY. and TX.","Product is a whole, fresh cucumber with no individual packaging, labeling, PLU, or other identifying information. Cucumber weight and size varies. Type of master packaging: 1.PACK…"
cucumber,F-0367-2025,2025-01-08,Class I,Terminated,RUSS DAVIS WHOLESALE,"IA, IL, KS, MI, MN, MT, ND, NE, SD, WI, WY","Whole and Cut Cucumbers packaged in the following sizes: 1. Peak Cucumber Item 08027, 24 count. Product of Mexico. 2. Peak Cucumber Item 08009, 5 LB. Product of Mexico. 3. Cucumbe…"
cucumber,F-0373-2025,2025-01-08,Class I,Terminated,BALOIAN FARMS,"Distributed to the following states: AK, AZ, CA, CO, IA, ID, KS, MA, MI, MO, MT, NV, NY, NC, OR, TX, WA, and WI.","whole fresh American cucumbers packaged in bulk cardboard containers labeled with the ""Pamela"" brand, a generic white box with a sticker that provides the implicated grower's name…"
cucumber,F-0315-2025,2025-01-01,Class I,Terminated,E-Z SPUDS INC,IL,"Cucumber Diced Greek Cut (1/8""x1/8""x1""), 360# Drum with poly liner item C0376, 30# Box with poly liner item C0369. Cucumber Diced Regular Cut (1/8""x1/8""x1/4""), 300# Drum with poly…"
cucumber,F-0313-2025,2025-01-01,Class I,Terminated,"SunFed Produce, Inc.",National and Foreign distribution,"Raw cucumbers packaged in cardboard boxes or plastic boxes (RPC) with ""SunFed"", ""Vegetables"", or ""Agrotato"" labeling. 1 1/9 BU CAS Super Slicer Cucumber/10814780010749 1 1/9 BU CA…"
cucumber,F-0374-2025,2024-12-25,Class I,Terminated,"Indianapolis Fruit Company, Inc.","IN, KY, OH, PA","Cucumbers Slices 1/2 Cup, 100 cups per case, Product Code CUCS100, Item Number - 14705 Cucumbers Diced 1"" Peeled 5 lb. tray, 2 trays per case, Product Code CUDN45L, Item Number - …"
cucumber,F-0303-2025,2024-12-25,Class I,Terminated,"Field Fresh Foods, Inc.",CA,"Fresh Creative Foods, raw cucumber diced (1/4 cubes.) with skin, Net Wt. 20lbs. (4x5lbs.)"
cucumber,F-0268-2025,2024-12-18,Class I,Terminated,Sysco Corporation,"IA, MN, SD, ND, WI. Outside the US to Canada","Whole and Cut Cucumbers packaged in the following sizes: 1. Select 40-45 lb. boxes Item 05000. 2. Bix 1/5 lb. Item 05023. 3. Bix Cucumber Dice 1/34"" Skin-On 1/5 lb. Item 11861. 4.…"
cucumber,F-1676-2024,2024-08-14,Class I,Terminated,Wiers Farm Inc,"CT, DE, IL, IN, KY, ME, MD, MI, MO, NJ, NY, NC, OH, PA, RI, TN, VA, WV","Wiers Farm - Whole Cucumbers bulk, 62 per carton"
cucumber,F-1682-2024,2024-08-14,Class I,Terminated,Wiers Farm Inc,"CT, DE, IL, IN, KY, ME, MD, MI, MO, NJ, NY, NC, OH, PA, RI, TN, VA, WV",Wiers Farm - Organic Cucumber packaged into 2 count trays - cases dependent on customer
cucumber,F-1371-2024,2024-06-26,Class I,Terminated,"Fresh Start Produce Sales, Inc.","The product has been distributed in the following States: FL, NJ, PA, and NC","Whole Cucumber, bulk cardboard boxes, 1 1/9 Bu, 60-72 ct cucumbers per box, 24ct box, Carton 36 ct box. Packaged in cardboard container box, color brown with Green and Red inked A…"
cucumber,F-0870-2024,2024-02-21,Class II,Terminated,Lydia Pack 3 Inc,Distributed in OR and WA.,"Al Amir Fresh Foods Tzatziki Cucumber Yogurt, packaged in round plastic clear container, net wt. 8oz. There are 12 containers per case. UPC on 8oz container: 8 55134 12351 3. The …"
dates,H-0681-2026,2026-04-22,Class II,Terminated,PURE PALM C/O DVD,Product was distributed to a single Direct Account with multiple locations across several East Coast states including (…,Label is predominantly green with white lettering in a clear plastic clamshell container. Pure Palm dates- Medjool Dates Net Wt. 16OZ UPC: 852160007005
dates,H-0611-2025,2025-09-24,Class II,Terminated,Wang Globalnet,"12 retail locations for lot# 250114 (Northeast states such as NJ, MA, NY) 15 retail locations for lot# 250103 (Southwes…","(Bulk) Oyster, Frozen, Raw Half Shell, 15lb(6.8kg) UPC: 10087703078342 Harvest Dates: Jan 03,2025, Jan 14,2025"
dates,F-0069-2025,2024-10-30,Class II,Terminated,BlueStar Direct LLC,"The recall product was distributed to one Consignee, Chetak Chicago LLC 1111 Lake St, Streamwood, IL 60107 .","Dry Dates, 50 lb. bag"
dates,F-1277-2024,2024-06-05,Class II,Terminated,Texas Pecan Co,"Product is sold online, in the firm's store and through a wholesaler in Texas.","1lb and 8oz bags include Apricots, Whole Dates, golden Raisins, Mangos, Currants, Blueberries, Cranberries, Prunes, Raw Sunflower Seeds, Raw Pumpkin Seeds, Pecan Medium Pieces, Bl…"
dates,F-1278-2024,2024-06-05,Class II,Terminated,Texas Pecan Co,"Product is sold online, in the firm's store and through a wholesaler in Texas.","1lb and 8oz bags include Apricots, Whole Dates, golden Raisins, Mangos, Currants, Blueberries, Cranberries, Prunes, Raw Sunflower Seeds, Raw Pumpkin Seeds, Pecan Medium Pieces, Bl…"
dill,H-0328-2025,2025-07-30,Class II,Terminated,"Gedney Foods Product, LLC",MN,"Dill Pickles packaged under the following label: 1. Gedney Whole Pickles, item 15100, Net 32 fl oz. (1Qt)946mL. UPC 0 41660-00151 8. 2. Gedney Mini Munchers Kosher Dill, item 1710…"
dill,H-0238-2025,2025-07-16,Class II,Terminated,UNFI General Corporate,"NJ, NY, MD, DC, PA",1. OG2 BUNCH DILL
dill,F-1585-2022,2022-09-07,Class I,Terminated,Supherb Farms,Nationwide and Canada,"IQF Fresh Frozen Dill shipped in 35 lb. cases in bulk. Supherb Farms Turlock, CA Perishable, Keep Frozen"
dill,F-1583-2022,2022-09-07,Class I,Terminated,Raw Seafoods Inc.,"OH, MA",Lemon Dill Butter Pucks
dill,F-0714-2021,2021-06-30,Class I,Terminated,Banner Smoked Fish Inc.,"NY, NJ, IL, PA, CA, FL, NE, AZ, MA, MD, VA, NV, OR, WI, NC, SC, and GA area.","Banner Smoked Fish Inc. brand Sliced Gravlax (Salmon (fish), Salt, Sugar, Dill, Pepper, Sodium Nitrite)"
dill,F-0713-2021,2021-06-30,Class I,Terminated,Banner Smoked Fish Inc.,"NY, NJ, IL, PA, CA, FL, NE, AZ, MA, MD, VA, NV, OR, WI, NC, SC, and GA area.","Banner Smoked Fish Inc. brand Sliced Gravad Lox (Salmon, Salt, Dill weed, Pepper, Natural Hardwood Smoke, Sodium Nitrite)"
eggplant,F-0869-2024,2024-02-21,Class I,Terminated,Lydia Pack 3 Inc,Distributed in OR and WA.,"Al Amir Fresh Foods Baba Ghannooj Grilled Eggplant, packaged in round plastic clear container, net wt. 8oz. There are 12 containers per case. UPC on 8oz container: 7 55134 12342 1…"
eggs,H-0168-2026,2025-11-05,Class I,Terminated,"Echo Lake Foods, Inc.",CA,"EchoLakeFoods MF 3067 CNFREE Cage Free Precooked IAF Scrambled Eggs Net Wt. 28 lbs. Bulk. Keep Frozen. Manufactured by: Echo Lake Foods, Inc., 2319 Raymond Ave. Franksville, WI 53…"
eggs,H-0210-2025,2025-07-09,Class I,Ongoing,August Egg Company,"AZ, CA, IL, IN, NE, NM, NV, WA, WY","--- Shell Eggs; Brown; Various sizes - medium, large, and jumbo; Various pack sizes - 5, 12, 18, and Loose ---- Clover Organic Large Brown 12 eggs --- First Street Cage Free Large…"
eggs,F-0314-2025,2025-01-01,Class I,Terminated,"Handsome Brook Farms, LLC","AL, GA, NC, SC, TN","Kirkland Signature ORGANIC EGGS PASTURE-RAISED 24 EGGS, GRADE A LARGE, NET WEIGHT 48OZ (3 LB) 1.36 kg, UPC 0 96619 10680 6, DISTRIBUTED BY: COSTCO WHOLESALE CORPORATION 730 LAKE D…"
eggs,F-1837-2024,2024-10-09,Class I,Terminated,"Milo's Poultry Farms, LLC","WI Expanded: IL, MI, WI","Grade A Brown Chicken Eggs, in shell, Bulk 15 dozen. For Foodservice. Keep Refrigerated. Sold with the following brands: 1. Milo's Poultry Farms, N 3873 Valley Road, Bonduel, WI 5…"
eggs,F-1388-2024,2024-06-26,Class I,Terminated,New Seasons Market LLC,Distributed in Oregon and Washington.,"New Seasons Market Strawberry Rhubarb Bakewell Tart, packaged in a plastic clamshell with scale label. Contains Milk, Wheat, Eggs."
eggs,F-1520-2022,2022-08-10,Class II,Terminated,"United Natural Foods, Inc.","AL, MS",1. PETE&GRRY ORGANIC CAGEFREE LARGE EGGS 12CT UPC 81565200214 12CT PETE AND GERRYS ORGA 2. FRESH MARKET BRN LG CF A 30 DAY EGGS UPC 73709400352 12CT HILLANDALE FARMS EAS 3. FRESH …
eggs,F-0608-2020,2020-02-12,Class I,Terminated,"Almark Foods, LLC","Product was shipped to the following states: AL, AR, AZ, CA, CO, CT, DC, FL, GA, IA, IL, IN, KS, KY, LA, MA, MD, ME, MI…","Cage Free Hard-Cooked Eggs sold under the following brand names: Almark, Fresh Thyme, Giant Eagle, Kroger, Lucerne, Members Mark, Naturally Better, Rembrandt Foods & Shop Rite."
eggs,F-0603-2020,2020-02-12,Class I,Terminated,"Almark Foods, LLC","Product was shipped to the following states: AL, AR, AZ, CA, CO, CT, DC, FL, GA, IA, IL, IN, KS, KY, LA, MA, MD, ME, MI…","Bulk Pail Product - Almark Foods HARD COOKED EGGS Peeled Eggs INGREDIENTS: EGGS, WATER, CITRIC ACID sold under the following brand names: ALMARK EGGS 20 LB pail, Manufactured By: …"
eggs,F-0616-2020,2020-02-12,Class I,Terminated,"Almark Foods, LLC","Product was shipped to the following states: AL, AR, AZ, CA, CO, CT, DC, FL, GA, IA, IL, IN, KS, KY, LA, MA, MD, ME, MI…","Organic Hard Cooked Eggs sold under the brand names of Almark Foods, Inspired Organics, Kirkland Signature, O Organics, Pete & Gerry's Simple Truth Organics & Wild Harvest"
eggs,F-0630-2020,2020-02-12,Class I,Terminated,"Almark Foods, LLC","Product was shipped to the following states: AL, AR, AZ, CA, CO, CT, DC, FL, GA, IA, IL, IN, KS, KY, LA, MA, MD, ME, MI…","White Medium Hard Cooked Eggs sold under the brand names of: Almark Foods, Best Choice, CMI, Dairy Fresh, Deb-El, Everyday Essentials, Food Club, Great Day, Great Value, LIDL, Rai…"
eggs,F-0613-2020,2020-02-12,Class I,Terminated,"Almark Foods, LLC","Product was shipped to the following states: AL, AR, AZ, CA, CO, CT, DC, FL, GA, IA, IL, IN, KS, KY, LA, MA, MD, ME, MI…",Eggland's Best ORGANIC Hard-Cooked Eggs
eggs,F-0604-2020,2020-02-12,Class I,Terminated,"Almark Foods, LLC","Product was shipped to the following states: AL, AR, AZ, CA, CO, CT, DC, FL, GA, IA, IL, IN, KS, KY, LA, MA, MD, ME, MI…","RAINBOW FARMS 23 LB Hard-Cooked, Peeled Eggs INGREDIENTS: EGGS, WATER, CITRIC ACID, VINEGAR Manufactured By: Almark Foods Gainesville, GA 30504 UPC 0 44984 60023 8"
eggs,F-0615-2020,2020-02-12,Class I,Terminated,"Almark Foods, LLC","Product was shipped to the following states: AL, AR, AZ, CA, CO, CT, DC, FL, GA, IA, IL, IN, KS, KY, LA, MA, MD, ME, MI…","Frozen Diced Eggs sold under the brand names of Almark Foods, Crystal Lake, Rainbow Farms & Rembrandt Foods"
garlic,H-0687-2026,2026-05-13,Class III,Terminated,Tops Markets LLC,"NY, VT, PA",Garland Fresh Peeled Garlic 6 oz. bag
garlic,H-0688-2026,2026-05-13,Class III,Terminated,Tops Markets LLC,"NY, VT, PA",Christopher Ranch Peeled Garlic 6 oz.
garlic,H-0558-2026,2026-03-18,Class I,Ongoing,Made Fresh Salads Inc,New York,Made Fresh Salads brand Garlic & Herb Cream Cheese; 5 lb white plastic tub
garlic,H-0463-2026,2026-02-11,Class II,Ongoing,"Organic Spices, Inc","U.S. Distribution: CA, CO, IL, IN, MI, NC, NY, OH, OR, PA, TX, UT, WA",spicely ORGANIC garlic salt NO ARTIFICIAL COLORING NO GLUTEN - NO MSG - NO SOY NO PRESERVATIVES - NO WHEAT NO SUGAR - NO SALT - NO IRRADIATION Net wt: 3.4oz (96g) Ingredients: Sal…
garlic,H-0428-2026,2026-02-04,Class II,Terminated,"Prima Vera Nueva, Inc.","U.S. Distribution: CA, NV","Black Bean Bonanza Tamales with Black Beans NO DAIRY Ingredients: Organic Corn Flour Masa, Black Beans, Salsa (Tomatoes, Onions, Chiles, Garlic & Cilantro), Non-GMO Corn, Non-hydr…"
garlic,H-0084-2025,2025-07-02,Class II,Terminated,NatureMills US Incorporated,Product is distributed throughout the USA via the firm's website.,"Nature Mills Garlic Vadam, 100g"
garlic,F-0925-2025,2025-06-11,Class I,Terminated,Fresh & Ready Foods LLC,"Product was distributed across the Southwest (CA, NV, AZ and WA) See attached ""All Consignees"" labeled file. Product wa…",Fresh & Ready Foods Garlic Pesto Pasta; 9.5oz PLASTIC CONTAINER; Best by: 05/12/2025 -05/12/2025 UPC# 6 82906 89066 6
garlic,F-0911-2025,2025-06-11,Class I,Terminated,Fresh & Ready Foods LLC,"Product was distributed across the Southwest (CA, NV, AZ and WA) See attached ""All Consignees"" labeled file. Product wa…",Fresh Take Crave Away Garlic Pesto Pasta; 9.5oz PLASTIC CONTAINER; Best By: 05/09/2025 - 05/19/2025 UPC# 8 06795 58561 2
garlic,F-0867-2025,2025-06-11,Class I,Terminated,Fresh & Ready Foods LLC,"Product was distributed across the Southwest (CA, NV, AZ and WA) See attached ""All Consignees"" labeled file. Product wa…","Fresh & Ready Foods Garlic Pesto Pasta, 9oz. plastic container. Best buy: 05/09/2025-05/12/2025 UPC# 6 82906 89066 6"
garlic,F-0046-2025,2024-10-23,Class I,Terminated,Lemonland Food Corp,Distributed in WA,"Item FLD2011, Salted and Seasoned Small Octopus, distributed in plastic clamshell containers, net wt. 0.267lb. The H-Mart label declares: Octopus, Salt, Garlic, Ginger, Red Pepper…"
garlic,F-0817-2024,2024-02-07,Class I,Terminated,World Variety Produce Inc dba Melissa's,"U.S. distribution to the following: CA, TX, FL No foreign distribution.","Melissa's Hot Kimchi Pickled Napa Cabbage NET WT. 14 oz (397g) Ingredients: Napa Cabbage, Radish, Water, Garlic, Red Pepper, Organic Sugar Cane, Sea Salt, Calcium Lactate, Ginger,…"
garlic,F-1610-2023,2023-10-04,Class II,Terminated,"Regal Foods, Inc","The product was distributed to the following states: GA, MD, PA, KY",REGAL HERBS & GARLIC 25# 5# 2# various containers.
garlic,F-0131-2022,2021-11-17,Class II,Terminated,E-Z Spuds Inc,"Manufacturers and Food service establishments in the Chicago, IL metro area",E-Z Spuds Inc. 30# Garlic Whole Peeled
garlic,F-1576-2020,2020-10-07,Class I,Terminated,"Spokane Produce, Inc.","distributed in ID, MT, OR, WA, and WY.","Item 84035 Fresh Garlic Salsa, Refrigerated, net wt. 8 OZ, packaged in Plastic Container."
garlic,F-1321-2020,2020-08-19,Class II,Terminated,San Francisco Street Bakery Inc.,distributed in WA only.,"Garlic Bagel, San Francisco Street Bakery brand, keep at ambient temperature. Packaged in flex poly bags for bulk or various quantities specific to customer order. No UPC. The bag…"
garlic,F-0672-2020,2020-02-12,Class I,Terminated,"Lipari Foods Operating Company, LLC.","The products were distributed exclusively by Lipari Foods in Warren, Michigan to food service and retail stores through…","Fresh Grab Turkey & Provolone with Garlic Mayo, 6 oz., UPC: 612510090435"
ginger,H-0346-2026,2025-12-31,Class II,Ongoing,"A New Life Herbs, LLC","AL, AZ, CA, GA, IL, IN, MN, MO, MS, NC, NY, TN","Organic Ginger Root Herbal Supplement, Natural anti-inflammatory properties, supports gut, increases circulation, 50 capsules/560 mg, packaged in a plastic bag"
goat,H-0388-2025,2025-08-13,Class III,Terminated,"Stickney Hill Dairy, LLC",NY,"Boar's Head Chevre Goat Cheese Cranberry Cinnamon, Net Wt 4 oz (113g). UPC 0 42421-15231 9. Keep Refrigerated. Distributed By: Brunckhorst Co., NY, NY 11206-3886."
goat,F-1579-2022,2022-08-31,Class II,Terminated,"Capriole, Inc.","KY, IL, IN","Capriole Goat Cheese, Fresh Goat Cheese, Wasabi 5 pound and 8oz logs"
goat,F-1085-2022,2022-06-01,Class II,Terminated,"Old Chatham Sheepherding Creamery, LLC",NY,"Wegmans Brand Fresh Goat Cheese, Classic Chevre, with Cranberries, 5.5lb; packaged in Cryovac Bags"
goat,F-0919-2021,2021-08-25,Class II,Terminated,Able Groupe Inc,All sales are direct from firm website - littlebundle.com,Holle Goat Stage 1 Organic Infant Milk Formula
goat,F-0920-2021,2021-08-25,Class II,Terminated,Able Groupe Inc,All sales are direct from firm website - littlebundle.com,Holle Goat Stage 2 Organic Follow-On Infant Milk Formula
grapes,H-0068-2026,2025-10-22,Class I,Terminated,WHOLESALE PRODUCE SUPPLY LLC DBA,"IA, IL, ND, NE, WI","Cut Fresh Fruit Mix. Contains: Cantaloupe, Honeydew, Pineapple, and Red Grapes. Keep Refrigerated. Packed under the following brands and sizes: 1. Fruit Mix CHPG (MCT) 1/5 lb. 2. …"
grapes,H-0038-2026,2025-10-22,Class II,Completed,Pacific Coast Producers,"U.S. distribution: AL, AR, AZ, CA, FL, GA, IL, IN, KY, LA, ME, MO, MS, NE, NM, NV, NY, OH, OK, PA, SC, TX, UT, VA, WA, …","Fruit Cocktail IN 100% JUICE WITH ADDED INGREDIENTS; NET WT 15 OZ (425 g); Ingredients: Diced Peaches, Diced Pears, Water, Grapes, Peach Pulp and Juice, Pineapple Sectors, Pear Ju…"
grapes,H-0067-2026,2025-10-22,Class I,Terminated,WHOLESALE PRODUCE SUPPLY LLC DBA,"IA, IL, ND, NE, WI","Cut Fresh Fruit Mix. Contains: Cantaloupe, Honeydew, and Red Grapes. Keep Refrigerated. Packed under the following brands and sizes: 1. Fruit Mix ""HC"" 6/6oz. UPC 7 90629-11821 6. …"
grapes,H-0063-2026,2025-10-22,Class I,Terminated,WHOLESALE PRODUCE SUPPLY LLC DBA,"IA, IL, ND, NE, WI","Cut Fresh Luau Blend Fruit Mix ""F&F"". 4/10 oz. Fresh & Finest. Contains: Cantaloupe, Honeydew, Pineapple, Red Grapes, Strawberry, Blueberry. Keep Refrigerated. UPC 0 70253-00572 5…"
grapes,H-0066-2026,2025-10-22,Class I,Terminated,WHOLESALE PRODUCE SUPPLY LLC DBA,"IA, IL, ND, NE, WI","Cut Fresh Fruit Mix. Contains: Cantaloupe, Honeydew, Watermelon and Red Grapes. Keep Refrigerated. Packed under the following brands and sizes: 1. Fruit Mix CHWG (MCT) 1/5 lb. UPC…"
grapes,F-0585-2024,2023-12-20,Class I,Terminated,"Cut Fruit Express, Inc.","IL, MN, & WI","Mixed Fruit Products that contain Cantaloupe, Honeydew, and Red Grapes, Identified with the following Item ID and Description. 1. 8366011 FRUIT MIX CHG DICED 1/2"" 25lbs. 2. 722447…"
grapes,F-0672-2024,2023-12-13,Class I,Terminated,"FreshPoint Bix Produce Company, LLC","IA, MN, ND, WI","Bix Produce Item # 12217 Fruit, Chk Cant/Pine 1/2"" w/Grp, 5 lb. containing Cantaloupe, Pineapple, and Red Grapes. Keep Refrigerated. Manufactured and Distributed by: Bix Produce C…"
grapes,F-0669-2024,2023-12-13,Class I,Terminated,"FreshPoint Bix Produce Company, LLC","IA, MN, ND, WI","Bix Produce Mixed Fruit with Grapes products containing Cantaloupe, Honeydew, Pineapple, and Red Grapes. Keep Refrigerated. Manufactured and Distributed by: Bix Produce Company, 3…"
grapes,F-0671-2024,2023-12-13,Class I,Terminated,"FreshPoint Bix Produce Company, LLC","IA, MN, ND, WI","Bix Produce Item # 12170 Fruit, Chunk Melon w/Grape 5 lb. containing Cantaloupe, Honeydew, and Red Grapes. Keep Refrigerated. Manufactured and Distributed by: Bix Produce Company,…"
grapes,F-0481-2023,2023-03-22,Class I,Terminated,"FRESH IDEATION FOOD GROUP, LLC dba Fresh Creative Cuisine","The recalled product was distributed to the following states: MD, PA, DE, NY, DC, NJ, NC, CT, SC, VA, MA .","Bistro To Go, Fresh Grapes, Net Wt. 7 Oz. Single Serving, Keep refrigerated"
grapes,F-0540-2023,2023-03-22,Class I,Terminated,"FRESH IDEATION FOOD GROUP, LLC dba Fresh Creative Cuisine","The recalled product was distributed to the following states: MD, PA, DE, NY, DC, NJ, NC, CT, SC, VA, MA .","Fresh Creative Cuisine, Fresh Grapes, Net . Wt. 7 Oz. Single Serving, Keep refrigerated"
grapes,F-0119-2024,2023-03-22,Class I,Terminated,"FRESH IDEATION FOOD GROUP, LLC dba Fresh Creative Cuisine","The recalled product was distributed to the following states: MD, PA, DE, NY, DC, NJ, NC, CT, SC, VA, MA .","Fresh Creative Cuisine Tan Label, Grapes, Almond, Cheese & Pretzel Tray, Net Wt. 6 Oz. Single Serving, Keep refrigerated"
grapes,F-0121-2024,2023-03-22,Class I,Terminated,"FRESH IDEATION FOOD GROUP, LLC dba Fresh Creative Cuisine","The recalled product was distributed to the following states: MD, PA, DE, NY, DC, NJ, NC, CT, SC, VA, MA .","Quick & Fresh, Grapes, Almond, Cheese & Pretzel Tray, Net Wt. 6 Oz. Single Serving, Keep refrigerated"
grapes,F-0107-2024,2023-03-22,Class I,Terminated,"FRESH IDEATION FOOD GROUP, LLC dba Fresh Creative Cuisine","The recalled product was distributed to the following states: MD, PA, DE, NY, DC, NJ, NC, CT, SC, VA, MA .","Fresh Creative Cuisine White Label, Fresh Grapes, Net . Wt. 7 Oz. Single Serving, Keep refrigerated"
grapes,F-0108-2024,2023-03-22,Class I,Terminated,"FRESH IDEATION FOOD GROUP, LLC dba Fresh Creative Cuisine","The recalled product was distributed to the following states: MD, PA, DE, NY, DC, NJ, NC, CT, SC, VA, MA .","Quick & Fresh, Fresh Grapes, Net . Wt. 7 Oz. Single Serving, Keep refrigerated"
grapes,F-1766-2022,2022-09-28,Class II,Terminated,"Russ Davis Wholesale, LLC","IA, MI, MN, ND, SD, WI","Fruit Tray. Contains Honeydew, Pineapple, Cantaloupe, Red Grapes, Strawberry. Keep Refrigerated. Item 80902. Net Wt. 4 lb. Packed under brands: Crazy Fresh, quick & easy, and groc…"
grapes,F-1752-2022,2022-09-28,Class II,Terminated,"Russ Davis Wholesale, LLC","IA, MI, MN, ND, SD, WI","5 Fruit Blend. Contains: Cantaloupe, Honeydew, Pineapple, Red Grapes, Strawberries. Packaged in the following brands and sizes: 1. Item 80520. Net Wt. 14 oz. Crazy Fresh 2. Item 8…"
grapes,F-1319-2022,2022-06-29,Class I,Terminated,"Taher, Inc.",MN,"Fresh Seasons Kitchen Power Pack. Fresh grapes, mild cheddar cheese, hard-boiled egg, whole wheat flatbread & Peanut Butter. ID# HP-981 UPC 10106-02165. Keep Refrigerated. Labeled…"
green-beans,F-0627-2025,2025-03-19,Class II,Terminated,"Del Monte Foods, Inc","AL, AZ, CA, CO, GA, IA, IL, IN, KS, MI, MN, NC, NJ, NY, OH, OR, PA, SC, TX, VA, WI","Good & Gather Cut Green Beans. Net Wt. 14.5 oz (411g). UPC 0 85239-11628 9. Dist. By Target Corporation, Minneapolis, MN 55403."
green-beans,F-1484-2024,2024-07-24,Class II,Terminated,NORTERA FOODS USA,NY and PA,Wegmans brand Frozen Cut Green Beans; 16oz bags
green-beans,F-0124-2021,2020-11-25,Class I,Terminated,National Food Trading Corporation,"Distributed to one consignee located in Jonesboro, AR",Frozen French Cut Green Beans. Packaged in 20.5 lb boxes. Expiration date 11/25/2022
green-leaf-lettuce,F-1008-2023,2023-07-05,Class II,Terminated,Springworks Farm Inc.,"Connecticut, Maine, New York","Springworks Organic single cut green leaf lettuce, 4 oz."
green-leaf-lettuce,F-1074-2020,2020-07-22,Class II,Terminated,Fresh Express Incorporated,"Domestic: Midwestern states of AR, CT, DC, DE, IA, IL, IN, KS, KY, MA, MD, ME, MI, MN, MO, MT, NC, ND, NE, NH, NJ, NY, …","Fresh Express Lettuce Trio / Lechuga Trio 9 oz., UPC 071279108094, Iceberg, romaine lettuce & green leaf lettuce"
green-onion,H-0035-2026,2025-10-22,Class I,Terminated,"Garden Fresh Foods, Inc.",Distributed in WA only,"Sliced (1/4"") green onions, refrigerated, packaged in plastic bag. Each case consist 5/6lbs. bag (net wt. 30lbs.). Garden Fresh Foods Inc. Woodinville, WA. Product is distributed …"
green-onion,H-0244-2025,2025-07-16,Class II,Terminated,UNFI General Corporate,"NJ, NY, MD, DC, PA",1. ORGANIC OG2 GREEN ONIONS
green-onion,F-0124-2022,2021-11-17,Class II,Terminated,E-Z Spuds Inc,"Manufacturers and Food service establishments in the Chicago, IL metro area",E-Z Spuds Inc. fresh cut green onion products (10 lbs) crosscut
green-onion,F-1066-2020,2020-07-22,Class II,Terminated,Fresh Express Incorporated,"Domestic: Midwestern states of AR, CT, DC, DE, IA, IL, IN, KS, KY, MA, MD, ME, MI, MN, MO, MT, NC, ND, NE, NH, NJ, NY, …","Fresh Express Gourmet Cafe Creative Classics Chopped Asian 6.25 oz., UPC 071279407111, Red and green cabbage, romaine lettuce, carrots & green onions"
honey,H-0664-2026,2026-04-22,Class III,Terminated,Bee Well Honey Farm & Supply Inc.,Product was shipped to retailers in South Carolina.,"Raw & Unfiltered Bee Well Wildflower Honey NET wT. 12 OZ (340g) UPC 8 32587 00003 2, NET WT. 22 OZ (624g) UPC 8 32587 00002 5 & NET WT. 44 OZ (1.25g) UPC 8 32587 00001 8 100% Pure…"
honey,F-1490-2024,2024-07-31,Class II,Ongoing,"Best Express Foods, Inc.","U.S. distribution to the following: CA, CO, AZ, WA, UT, TX, NJ, MD, IL, MI, MN, GA, FL Foreign distribution to the foll…","Universal Bakery Organic Aussie Bites, 30 oz clamshell container USDA Organic Certified Gluten Free Rolled Oats, Dried Apricots, Flax Seeds, Sunflower Seeds, Honey, Coconut, Quino…"
honey,F-0155-2024,2023-03-22,Class I,Terminated,"FRESH IDEATION FOOD GROUP, LLC dba Fresh Creative Cuisine","The recalled product was distributed to the following states: MD, PA, DE, NY, DC, NJ, NC, CT, SC, VA, MA .","Fresh Creative Cuisine White Label, Ham, Provolone & Honey Mustard Bialy, Net . Wt. 6.5 Oz. Single Serving, Keep refrigerated"
honey,F-0551-2023,2023-03-22,Class I,Terminated,"FRESH IDEATION FOOD GROUP, LLC dba Fresh Creative Cuisine","The recalled product was distributed to the following states: MD, PA, DE, NY, DC, NJ, NC, CT, SC, VA, MA .","Fresh Creative Cuisine, Ham, Swiss & Honey Mustard Bialy, Net . Wt. 6.5 Oz. Single Serving, Keep refrigerated"
honey,F-0156-2024,2023-03-22,Class I,Terminated,"FRESH IDEATION FOOD GROUP, LLC dba Fresh Creative Cuisine","The recalled product was distributed to the following states: MD, PA, DE, NY, DC, NJ, NC, CT, SC, VA, MA .","Quick & Fresh, Ham, Provolone & Honey Mustard Bialy, Net . Wt. 6.5 Oz. Single Serving, Keep refrigerated"
honey,F-0154-2024,2023-03-22,Class I,Terminated,"FRESH IDEATION FOOD GROUP, LLC dba Fresh Creative Cuisine","The recalled product was distributed to the following states: MD, PA, DE, NY, DC, NJ, NC, CT, SC, VA, MA .","Fresh Creative Cuisine White Label, Ham, Provolone & Honey Mustard Brioche, Net . Wt. 6.5 Oz. Single Serving, Keep refrigerated"
honey,F-1113-2022,2022-06-08,Class I,Terminated,The JM Smucker Company LLC,"AK, AL, AR, AZ, CA, CO, CT, DE, FL, GA, HI, IA, ID, IL, IN, KS, KY, LA, MA, MD, ME, MI, MN, MO, MS, MT, NC, ND, NE, NH,…",JIF 40 OUNCE NATURAL HONEY
honey,F-1504-2020,2020-09-09,Class II,Terminated,Sundial Herbal Products,NY,"""SUNDIAL***Jamaican & Tropical Raw Honey***"""
iceberg-lettuce,F-1072-2020,2020-07-22,Class II,Terminated,Fresh Express Incorporated,"Domestic: Midwestern states of AR, CT, DC, DE, IA, IL, IN, KS, KY, MA, MD, ME, MI, MN, MO, MT, NC, ND, NE, NH, NJ, NY, …","Fresh Express Iceberg Garden / Lechuga Repollo 3 lbs., UPC 071279104119, Iceberg lettuce, carrots & red cabbage"
iceberg-lettuce,F-1080-2020,2020-07-22,Class II,Terminated,Fresh Express Incorporated,"Domestic: Midwestern states of AR, CT, DC, DE, IA, IL, IN, KS, KY, MA, MD, ME, MI, MN, MO, MT, NC, ND, NE, NH, NJ, NY, …","Fresh Express SHREDS 8 oz., UPC 071279151014, (Canada UPC) 0 71279 15101 4, Shredded iceberg lettuce"
iceberg-lettuce,F-1079-2020,2020-07-22,Class II,Terminated,Fresh Express Incorporated,"Domestic: Midwestern states of AR, CT, DC, DE, IA, IL, IN, KS, KY, MA, MD, ME, MI, MN, MO, MT, NC, ND, NE, NH, NJ, NY, …","Fresh Express SHREDS Iceberg 14 oz., UPC 071279152004, Shredded iceberg lettuce"
iceberg-lettuce,F-1095-2020,2020-07-22,Class II,Terminated,Fresh Express Incorporated,"Domestic: Midwestern states of AR, CT, DC, DE, IA, IL, IN, KS, KY, MA, MD, ME, MI, MN, MO, MT, NC, ND, NE, NH, NJ, NY, …","Giant Eagle Life s Getting Fresher Fresh Shredded Iceberg Lettuce 8 oz., UPC 030034923150, Iceberg lettuce"
iceberg-lettuce,F-1050-2020,2020-07-22,Class II,Terminated,Fresh Express Incorporated,"Domestic: Midwestern states of AR, CT, DC, DE, IA, IL, IN, KS, KY, MA, MD, ME, MI, MN, MO, MT, NC, ND, NE, NH, NJ, NY, …","Fresh Express Iceberg Garden / Lechuga Repollo 24 oz., UPC 071279104119, iceberg lettuce, carrots & red cabbage"
jicama,F-0187-2023,2022-12-14,Class II,Terminated,"Taylor Farms Northwest, LLC",Distributed in Washington only.,"Taylor Farms Jicama Sticks, Refrigerated & Ready To Eat product, packaged in a clear plastic clamshell container, net wt. 14 oz. Distributed by Taylor Farms NW Kent, WA 98032. UPC…"
kale,H-0433-2026,2026-02-04,Class I,Completed,"SUPERFOODS, INC.","Nationwide, including Puerto Rico, Guam, and Virgin Islands; United Kingdom","Live it Up brand Super Greens; Chlorella, Spirulina, Wheatgrass, Kale, Broccoli, Spinach, Barley grass, Moringa, Parsley; Whole food dietary supplement powder; 30 day supply; NET …"
kale,H-0434-2026,2026-02-04,Class I,Completed,"SUPERFOODS, INC.","Nationwide, including Puerto Rico, Guam, and Virgin Islands; United Kingdom","a.) Live it Up brand Super Greens; Natural Wild Berry Flavor; Chlorella, Spirulina, Wheatgrass, Kale, Broccoli, Spinach, Barley grass, Moringa, Parsley; Whole food dietary supplem…"
kale,H-0403-2026,2026-01-21,Class I,Ongoing,"WFM Purchasing, LP","New York, New Jersey and Virginia",Brussel Sprouts & Kale Slaw
kale,H-0310-2026,2025-12-24,Class I,Terminated,Lexunder Inc,"AK, AL, AR, AZ, CA, CO, CT, DE, FL, GA, GU, HI, ID, IL, IN, KS, MA, MD, ME, MI, MN, MO, MT, NC, NJ, NM, NV, NY, OH, OR,…","Food to Live brand ORGANIC SUPERGREENS POWDER MIX, packaged heat-sealed, resealable stand-up pouches in 8 oz, 1 lb., 1.5 lb., 3 lb., 6 lb., 12 lb.; Ingredients: ORGANIC KALE; ORGA…"
kale,H-0229-2025,2025-07-16,Class II,Terminated,UNFI General Corporate,"NJ, NY, MD, DC, PA",1. USA KALE BUNCH CTN 2. USA OG2 KALE 3. USA OG1 LACINATO KALE
kale,F-1480-2024,2024-07-24,Class I,Terminated,Solata Food LLC,"NY, NJ, NH",1. Greens Farmer Direct Organic Chopped Kale Spinach; 6x9 bag; UPC: 854311007377 /
kale,F-0324-2024,2023-11-15,Class I,Terminated,Safeway Fresh Foods LLC,Texas,"Little Bear Fresh Kale, Net Wt. 16oz"
kale,F-0921-2023,2023-05-31,Class I,Terminated,Lancaster Foods LLC,"Distributors and retailers in MA, MD, PA, NY, NJ, and VA.","ROBINSON FRESH KALE GREENS, NET WT 16 OZ, UPC:0-95829-60015. Packaged in sealed plastic bags, 8 in a case. ROBINSON FRESH KALE GREENS NET WT 32 OZ UPC: 0-95829-60016-6. Packaged i…"
kale,F-0317-2023,2023-02-01,Class II,Terminated,"Wegmans Food Markets, Inc.","MA, NY, PA, NJ, VA, Washington DC, DE, NC, MD",Wegmans Organic Baby Kale & Baby Spinach with Sweet Pea Leaves; 5 oz
kale,F-0302-2023,2023-01-25,Class II,Terminated,"Superior Fresh, LLC","IN, PA, VA, WI","Superior Fresh Lettuce Blend Ingredients May Contain Red Leaf, Green Leaf, Green Romaine, Red Romaine, Red Oak Leaf, Green Oak Leaf, Butter lettuce, Arugula, Kale, Spinach, Mustar…"
kale,F-1415-2022,2022-07-20,Class II,Terminated,Fruselva America SPA,"The firm only distribute only to their stores; MA, ME, NH, NY, VT, MD, PA, WV","Nature s Promise Organic Mango, Banana, Kale, Rice & Pineapple Baby Food, 3.5 oz (99 g), Pouch, Case pack of 12 (12 inners of 6 each). Store in a dry ventilated area. Do not expos…"
kale,F-0710-2022,2022-02-16,Class I,Terminated,Dole Fresh Vegetables Inc,"AL, AZ, CA, CT, FL, GA, IA, ID, IL, IN, KS, KY, LA, MA, MD, MI, MN, MO, MS, NC, ND, NE, NJ, NV, NY, OH, OK, OR, PA, SC,…",Marketside 5oz Organic Baby Spinach & Baby Kale Clamshell Product UPC 681131221290
kale,F-0696-2022,2022-02-16,Class I,Terminated,Dole Fresh Vegetables Inc,"AL, AZ, CA, CT, FL, GA, IA, ID, IL, IN, KS, KY, LA, MA, MD, MI, MN, MO, MS, NC, ND, NE, NJ, NV, NY, OH, OK, OR, PA, SC,…",Kroger 5oz Organic Baby Kale Clamshell Product UPC 111110917270 Nature's Promise 5oz Organic Baby Kale Clamshell Product UPC 688267154492
kale,F-0716-2022,2022-02-16,Class I,Terminated,Dole Fresh Vegetables Inc,"AL, AZ, CA, CT, FL, GA, IA, ID, IL, IN, KS, KY, LA, MA, MD, MI, MN, MO, MS, NC, ND, NE, NJ, NV, NY, OH, OK, OR, PA, SC,…",Nature's Promise 5oz Organic Baby Kale Clamshell Product UPC 688267154492
kale,F-1071-2020,2020-07-22,Class II,Terminated,Fresh Express Incorporated,"Domestic: Midwestern states of AR, CT, DC, DE, IA, IL, IN, KS, KY, MA, MD, ME, MI, MN, MO, MT, NC, ND, NE, NH, NJ, NY, …","Fresh Express Iceberg Garden / Lechuga Repollo 12 oz., UPC 071279103020, (Canada UPC) 0 71279 10302 0, Green and red cabbage, kale, green leaf & Carrots. Fresh Express Iceberg Gar…"
kiwi,H-0249-2025,2025-07-16,Class II,Terminated,UNFI General Corporate,"NJ, NY, MD, DC, PA",1.MIGHTIES OG2 KIWI
kiwi,F-0001-2024,2023-10-11,Class II,Terminated,Vive Organic,Vive Organic did not sell directly to any consignees. Vive Organic did not sell directly to any wholesale dealers. TOTA…,2 oz VIVE ORGANIC DETOX + IMMUNITY KIWI APPLE SUPERGREENS WELLNESS SHOT; Total package size: 12 bottles per case; Storage instructions: Keep Refrigerated; Date(s) of manufacture: …
kiwi,F-1495-2023,2023-09-20,Class I,Terminated,David Oppenheimer & Company I LLC,"Distributed in FL, GA, IL, IN, KY, MI, NC, NY, OH, PA, TN, TX, VA, and WI.","Zespri Organic Green Kiwi, product of New Zealand, one pallet of bulk loose organic green kiwifruit was shipped to one consignee in Chicago, IL. The master carton has the barcode …"
kiwi,F-1494-2023,2023-09-20,Class I,Terminated,David Oppenheimer & Company I LLC,"Distributed in FL, GA, IL, IN, KY, MI, NC, NY, OH, PA, TN, TX, VA, and WI.","Zespri Organic Green Kiwi, product of New Zealand, perishable, packaged in plastic clamshell, net wt. 1lb. UPC 818849020093. Distributed by The Oppenheimer Group, 180 Nickerson St…"
kiwi,F-1753-2022,2022-09-28,Class II,Terminated,"Russ Davis Wholesale, LLC","IA, MI, MN, ND, SD, WI","Strawberry, Kiwi, Mango. Packaged in the following brands and sizes: 1. Item 80595. Net Wt. 14 oz. Crazy Fresh 2. Item 80866. Net Wt 20 oz. Crazy Fresh, quick & easy, and grocery …"
kiwi,F-1765-2022,2022-09-28,Class II,Terminated,"Russ Davis Wholesale, LLC","IA, MI, MN, ND, SD, WI","Deluxe Fruit Bowl. Contains Pineapple, Cantaloupe, Honeydew, Watermelon, Kiwi, Strawberry. Keep Refrigerated. Item 80935. Net Wt. 3.5 lb. Packed under brands: Crazy Fresh, quick &…"
kiwi,F-1764-2022,2022-09-28,Class II,Terminated,"Russ Davis Wholesale, LLC","IA, MI, MN, ND, SD, WI","Kiwi, Strawberry. Keep Refrigerated. Packaged in the following brands and sizes: 1. Item 80850. Net Wt. 12 oz. Crazy Fresh, quick & easy, and grocery store branded. 2. Item 80871.…"
kiwi,F-1762-2022,2022-09-28,Class II,Terminated,"Russ Davis Wholesale, LLC","IA, MI, MN, ND, SD, WI","Strawberry, Kiwi, Blueberry packaged in the following sizes and brands: 1. Item 80846. Net Wt. 12 oz. Keep Refrigerated. Crazy Fresh, quick & easy, and grocery store branded. 2. I…"
leek,H-0245-2025,2025-07-16,Class II,Terminated,UNFI General Corporate,"NJ, NY, MD, DC, PA",1. USA OG2 LEEKS
lemon,H-0226-2025,2025-07-16,Class II,Terminated,UNFI General Corporate,"NJ, NY, MD, DC, PA",1. WLD HRVST OG2 LEMONS
lemon,F-0804-2025,2025-05-21,Class II,Terminated,"The Hot Chocolatier - St. Elmo, LLC",One (1) retailer in TN.,"Blueberry Lemon Scones, bulk packaged in bakery boxes. Products are sold at retail in pastry cases and not individually labeled."
lemon,F-0058-2025,2024-10-30,Class II,Terminated,"Youngstown Grape Distributors, Inc.","CA, TX, WA, KY, NC, NY, IL, VA, AL, GA, KS, CT, MI, MA, PA, OH, MD, WI, ND, MO, TN, NE, KS, RI, MN, FL, SC, IN, NJ, IA,…","Happy Moose Juice Tropical Roots packaged in a plastic 12 fl. oz. bottle. Ingredients: Mandarin Orange, Organic Carrot Juice, Organic Pineapple Juice, Lemon Juice, and Organic Tur…"
lemon,F-0574-2024,2023-12-20,Class II,Terminated,Ben E Keith Foods - Fort Worth,All products were shipped via truck to food services.,LEMON CHOICE MINI PK 34-44 CT; STRAWBERRY SLICED 4-1
lemon,F-1367-2023,2023-08-16,Class II,Terminated,Bellingham Pasta Co,Distributed in WA.,"Semolina Lemon Black Pepper Linguine, net wt. 14oz. Product is packaged in a clear clamshell plastic container. Label declares: Fresh & Hand Crafted Bellingham Pasta Co. Ingredien…"
lemon,F-0553-2023,2023-03-22,Class I,Terminated,"FRESH IDEATION FOOD GROUP, LLC dba Fresh Creative Cuisine","The recalled product was distributed to the following states: MD, PA, DE, NY, DC, NJ, NC, CT, SC, VA, MA .","Fresh Creative Cuisine, Iced Lemon Loaf, Net . Wt. 3.5 Oz. Single Serving, Keep refrigerated"
lemon,F-0160-2024,2023-03-22,Class I,Terminated,"FRESH IDEATION FOOD GROUP, LLC dba Fresh Creative Cuisine","The recalled product was distributed to the following states: MD, PA, DE, NY, DC, NJ, NC, CT, SC, VA, MA .","Fresh Creative Cuisine White Label, Iced Lemon Loaf, Net . Wt. 3.5 Oz. Single Serving, Keep refrigerated"
lemon,F-1736-2022,2022-09-28,Class I,Terminated,Scone Ranger Inc,Distributed in WA,"Lemon Blueberry Vegan Scones. Product distributed in bulk cases and it is sold directly to consumers. The ingredients statement is read in parts: ""***Lemon Blueberry Vegan Scones …"
lemon,F-1583-2022,2022-09-07,Class I,Terminated,Raw Seafoods Inc.,"OH, MA",Lemon Dill Butter Pucks
lemon,F-1029-2022,2022-05-04,Class II,Terminated,"Elegant Foods, LLC",WI,elegant foods 5# Lemon Curd
lemon,F-0568-2022,2022-02-02,Class I,Terminated,Fresh Express Inc (Div of Chiquita Brands),"Products were distributed to 110 domestic distributors (in CT, IA, IL, IN, KY, MA, MD, ME, MI, MN, MO, ND, NH, NJ, NY, …",Lemons packed in 12ct packages
lemon,F-1535-2020,2020-09-30,Class II,Ongoing,Freshouse Produce,"Product was shipped to the following states: MD, NC, PA, SC, & VA. North Carolina, Pennsylvania, South Carolina, and Vi…","Lemons, 2lb mesh bag sold under the brand names of Fresh from the Start, UPC 33383 14020 & Wegmans, UPC 77890 15917"
lemon,F-1312-2020,2020-09-02,Class II,Terminated,"Wegmans Food Markets, Inc.","VA, NJ, MD, PA, NC, NY",Whole Seasoned Snapper; by the lb.; whole seasoned snapper with lemon and oil; packaged in an oven ready tray; total package size varies; keep refrigerated
lemon,F-1308-2020,2020-09-02,Class III,Terminated,"Wegmans Food Markets, Inc.","VA, NJ, MD, PA, NC, NY",Wegmans Ready to Cook Whole Soft Shell Crab with Lemon; 11oz.; whole soft shell crab with lemon; packaged in an oven ready tray; total package size varies; keep refrigerated
lemon,F-1310-2020,2020-09-02,Class II,Terminated,"Wegmans Food Markets, Inc.","VA, NJ, MD, PA, NC, NY","Seasoned Whole Bronzini; by the lb.; whole bronzini with lemon, parsley, and thyme; packaged in an oven ready tray; package size varies; keep refrigerated"
lime,H-1010-2026,2026-06-10,Class III,Terminated,Albertsons Companies LLC,Nationwide.,UPC 23070400000 SHRIMP SKEWER MEDIUM RAW CILANTRO LIME This is Albertson's store-made item and sold by random weight at point of sale with grocery store's scale label.
lime,F-1086-2024,2024-03-27,Class I,Terminated,"Reser's Fine Foods, Inc.","Distributed in CA, CT, FL, ID, IL, MD, MT, NJ, NV, OR, PA, SD, TX, UT, VA, and WA.","FCF Item #404967, Costco Item #1506878, Cilantro Lime Crema, 60/4oz plastic cups per case. Labeled cups only sold in bulk for Food Service Use not for individual sale. UPC 13454 3…"
lime,F-0850-2023,2023-05-17,Class II,Terminated,Windy Hill Chocolate LLC,Domestic consignee only.,Key Lime Bonbon
lime,F-0847-2023,2023-05-17,Class II,Terminated,Windy Hill Chocolate LLC,Domestic consignee only.,Ginger Lime
lime,F-1313-2022,2022-06-22,Class II,Terminated,THISTLE HEALTH INC,"U.S. distribution to the following: CA, NV, OR, WA No foreign distribution.","Thistle Watermelon Berry Cold-Pressed Organic Juice watermelon strawberry lime chia 32 FL OZ (355 mL) Keep Refrigerated Distributed By: Thistle Health, Inc., Vacaville, CA 95688"
lime,F-1314-2022,2022-06-22,Class II,Terminated,THISTLE HEALTH INC,"U.S. distribution to the following: CA, NV, OR, WA No foreign distribution.",Thistle Tropical Limeade Cold-Pressed Organic Juice watermelon pineapple lime strawberry papaya activated charcoal 32 FL OZ (355 mL) Keep Refrigerated Distributed By: Thistle Heal…
lime,F-0817-2022,2022-03-16,Class II,Terminated,"Edible Spirits, Inc",Domestic distribution only.,Key Lime Rum
lime,F-1536-2020,2020-09-30,Class II,Ongoing,Freshouse Produce,"Product was shipped to the following states: MD, NC, PA, SC, & VA. North Carolina, Pennsylvania, South Carolina, and Vi…","Freshouse Limes, 2lb mesh bag, UPC 33383 14683 & Nature Promise Organic Limes, 1lb mesh bag, UPC 88267 53813"
lime,F-1048-2020,2020-08-12,Class I,Terminated,Whole Foods Market,"Connecticut, Maine, Massachusetts, New Hampshire and Rhode Island","Chantilly Key Lime Tartlets Net Wt 1 oz. individually packaged in plastic clamshell containers with Whole Foods Market scale labels, a PLU code of 268564"
macadamia,F-1485-2024,2024-07-24,Class I,Terminated,SUNCO & FRENCHIE LLC.,"The recalled product was distributed to NJ, NY","Terrafina, Macadamia in the Raw , Net Wt. 6oz , (170 g)"
macadamia,F-1002-2020,2020-07-01,Class I,Terminated,NOW Health Group Inc.,Online and in retail stores nationwide.,NOW Real Food Raw Macadamia Nuts Unsalted 8 oz retail bag UPC 733739071194 Item number 7119
mango,H-0298-2026,2025-12-17,Class I,Terminated,CHETAK NEW YORK LLC,United States,Deep-brand PREMIUM Select Diced Green Mango KEEP FROZEN Net Wt. 12 oz. (340 g)
mango,H-0538-2025,2025-09-03,Class I,Terminated,NEW ACAI AMAZONAS LLC,Product distributed to IA,"Organic Mango Freeze Dried Powder, Bulk, 15-kilogram boxes (2 packs of 7.5 kilograms in a carton box), 7.5kg packaged in multi-wall kraft paper boxes with inner food-grade polyeth…"
mango,F-0777-2025,2025-05-21,Class II,Completed,Advance Food International Inc.,"NY, NJ, CT, MA, PA, MD","National brand Kasundi PEELED MANGO PICKLE IN OIL; Net Wt.: 1 Kg (35.27 oz)/ 2.20lb; Ingredients: Kasundi (Peeled Mango), Canola Oil, Cabbage, Salt, Mixed Spices, Vinegar, Sodium …"
mango,F-1277-2024,2024-06-05,Class II,Terminated,Texas Pecan Co,"Product is sold online, in the firm's store and through a wholesaler in Texas.","1lb and 8oz bags include Apricots, Whole Dates, golden Raisins, Mangos, Currants, Blueberries, Cranberries, Prunes, Raw Sunflower Seeds, Raw Pumpkin Seeds, Pecan Medium Pieces, Bl…"
mango,F-1278-2024,2024-06-05,Class II,Terminated,Texas Pecan Co,"Product is sold online, in the firm's store and through a wholesaler in Texas.","1lb and 8oz bags include Apricots, Whole Dates, golden Raisins, Mangos, Currants, Blueberries, Cranberries, Prunes, Raw Sunflower Seeds, Raw Pumpkin Seeds, Pecan Medium Pieces, Bl…"
mango,F-1269-2023,2023-07-26,Class I,Terminated,SunOpta Grains and Foods Inc.,Nationwide,"Good & Gather Mixed Fruit Blend Pineapple Chunks, Sliced Strawberries, Mango Chunks & Sliced Peaches. Net Wt 48 oz (3lb) 1.36kg. UPC 0 85239-04821 4. Keep Frozen. Dist. By Target …"
mango,F-1254-2023,2023-07-26,Class I,Terminated,"Scenic Fruit Company, LLC",Trader Joe s Organic Tropical Fruit Blend 16 oz. bags were distributed nationwide. Cadia Organic Pineapple 10oz. bags w…,"Trader Joe s Organic Tropical Fruit Blend Pineapple, Banana, Strawberry, Mango, SKU #051191, packaged in pillow bags. Each case consists of 24 bags and each bag is 16 oz. UPC on r…"
mango,F-1268-2023,2023-07-26,Class I,Terminated,SunOpta Grains and Foods Inc.,Nationwide,"Trader Joe's Organic Tropical Fruit Blend, Pineapple, Bananas, Strawberries & Mango. Net Wt. 16 oz (1 lb) 454g. UPC Keep Frozen."
mango,F-1266-2023,2023-07-26,Class I,Terminated,SunOpta Grains and Foods Inc.,Nationwide,"Good & Gather Mango Strawberry Blend. Whole Strawberries, Mango chunks & Pineapple Chunks. Net Wt 48 oz (3lb) 1.36kg, UPC 0 85239-04803 0. Keep Frozen. Dist. By Target Corp, Minne…"
mango,F-0851-2023,2023-05-17,Class II,Terminated,Windy Hill Chocolate LLC,Domestic consignee only.,Mango Bonbon
mango,F-0537-2023,2023-03-22,Class I,Terminated,"FRESH IDEATION FOOD GROUP, LLC dba Fresh Creative Cuisine","The recalled product was distributed to the following states: MD, PA, DE, NY, DC, NJ, NC, CT, SC, VA, MA .","Fresh Creative Cuisine, Fresh Cut Mango & Strawberry, Net . Wt. 7 Oz. Single Serving, Keep refrigerated"
mango,F-0178-2024,2023-03-22,Class I,Terminated,"FRESH IDEATION FOOD GROUP, LLC dba Fresh Creative Cuisine","The recalled product was distributed to the following states: MD, PA, DE, NY, DC, NJ, NC, CT, SC, VA, MA .","Fresh Creative Cuisine White Label, Mango Habanero Bbq Chicken Flatbread, Net . Wt. 9 Oz. Single Serving, Keep refrigerated"
mango,F-0558-2023,2023-03-22,Class I,Terminated,"FRESH IDEATION FOOD GROUP, LLC dba Fresh Creative Cuisine","The recalled product was distributed to the following states: MD, PA, DE, NY, DC, NJ, NC, CT, SC, VA, MA .","Fresh Creative Cuisine, Mango Habanero Bbq Chicken Flatbread, Net . Wt. 9 Oz. Single Serving, Keep refrigerated"
mango,F-0180-2024,2023-03-22,Class I,Terminated,"FRESH IDEATION FOOD GROUP, LLC dba Fresh Creative Cuisine","The recalled product was distributed to the following states: MD, PA, DE, NY, DC, NJ, NC, CT, SC, VA, MA .","Fresh Creative Cuisine White Label, Mango Habanero Bbq Chicken Flatbread, Case of 6, Keep refrigerated"
mango,F-0179-2024,2023-03-22,Class I,Terminated,"FRESH IDEATION FOOD GROUP, LLC dba Fresh Creative Cuisine","The recalled product was distributed to the following states: MD, PA, DE, NY, DC, NJ, NC, CT, SC, VA, MA .","Quick & Fresh, Mango Habanero Bbq Chicken Flatbread, Net . Wt. 9 Oz. Single Serving, Keep refrigerated"
mango,F-0102-2024,2023-03-22,Class I,Terminated,"FRESH IDEATION FOOD GROUP, LLC dba Fresh Creative Cuisine","The recalled product was distributed to the following states: MD, PA, DE, NY, DC, NJ, NC, CT, SC, VA, MA .","Quick & Fresh, Fresh Cut Mango & Strawberry, Net . Wt. 7 Oz. Single Serving, Keep refrigerated"
mango,F-0101-2024,2023-03-22,Class I,Terminated,"FRESH IDEATION FOOD GROUP, LLC dba Fresh Creative Cuisine","The recalled product was distributed to the following states: MD, PA, DE, NY, DC, NJ, NC, CT, SC, VA, MA .","Fresh Creative Cuisine White Label, Fresh Cut Mango & Strawberry, Net . Wt. 7 Oz. Single Serving, Keep refrigerated"
mango,F-1753-2022,2022-09-28,Class II,Terminated,"Russ Davis Wholesale, LLC","IA, MI, MN, ND, SD, WI","Strawberry, Kiwi, Mango. Packaged in the following brands and sizes: 1. Item 80595. Net Wt. 14 oz. Crazy Fresh 2. Item 80866. Net Wt 20 oz. Crazy Fresh, quick & easy, and grocery …"
mango,F-1415-2022,2022-07-20,Class II,Terminated,Fruselva America SPA,"The firm only distribute only to their stores; MA, ME, NH, NY, VT, MD, PA, WV","Nature s Promise Organic Mango, Banana, Kale, Rice & Pineapple Baby Food, 3.5 oz (99 g), Pouch, Case pack of 12 (12 inners of 6 each). Store in a dry ventilated area. Do not expos…"
mango,F-0516-2022,2022-01-26,Class II,Terminated,Aroma Meats LLC,Distributed in Oregon.,"Jackfruit Mango Pickle (Fresh Panasapottu) was packaged in white plastic pouch, net wt. 1/2KG (500 grams). No UPC. The label is read in parts: ""***FRESH PANASAPOTTU (JACKFRUIT Man…"
mango,F-0515-2022,2022-01-26,Class II,Terminated,Aroma Meats LLC,Distributed in Oregon.,"Mango Ginger Pickle (Fresh Mamidi Allam) was packaged in white plastic pouch, net wt. 1/2 KG (500 grams). No UPC. Labeled with Aroma Meats name but has no address. The label is re…"
mango,F-0518-2022,2022-01-26,Class II,Terminated,Aroma Meats LLC,Distributed in Oregon.,"Mango Pickle (Fresh Avakai) packaged in white plastic pouch, net wt. 1/2 KG (500 grams). No UPC. Label has no firm name and no address. The label is read in parts: ""***AVAKAI (MAN…"
mango,F-1453-2020,2020-09-09,Class II,Terminated,Sundial Herbal Products,NY,"""SUNDIAL***Traditional Herbal Products***TRADITIONAL ORGANIC HERBS***MANGO BARK***2 oz.***USES: KIDNEY STONE, HIGH BLOOD PRESSURE, RELATED TO NERVOUS CONDITIONS***"""
mango,F-1456-2020,2020-09-09,Class II,Terminated,Sundial Herbal Products,NY,"""SUNDIAL***Traditional Herbal Products***TRADITIONAL ORGANIC HERBS***MANGO LEAF***1 oz.***USES: KIDNEY STONES, HIGH BLOOD PRESSURE, RELATED TO NERVOUS CONDITIONS***"""
mint,H-0452-2026,2026-02-11,Class I,Terminated,Everpress Juice,"The adulterated product was distributed the following states : AK,AZ CA, HI,ID,MT,NV,OR,UT,WA,AR,CO,IL,IN,LA,MN,MO,MS,N…","JUICE from the Raw, pineapple mint"
napa-cabbage,F-0817-2024,2024-02-07,Class I,Terminated,World Variety Produce Inc dba Melissa's,"U.S. distribution to the following: CA, TX, FL No foreign distribution.","Melissa's Hot Kimchi Pickled Napa Cabbage NET WT. 14 oz (397g) Ingredients: Napa Cabbage, Radish, Water, Garlic, Red Pepper, Organic Sugar Cane, Sea Salt, Calcium Lactate, Ginger,…"
octopus,F-0046-2025,2024-10-23,Class I,Terminated,Lemonland Food Corp,Distributed in WA,"Item FLD2011, Salted and Seasoned Small Octopus, distributed in plastic clamshell containers, net wt. 0.267lb. The H-Mart label declares: Octopus, Salt, Garlic, Ginger, Red Pepper…"
octopus,F-1606-2023,2023-10-04,Class I,Terminated,CenSea Inc,"OH, FL, GA, IL","Central Seafoods 30# case of IQF whole octopus. Three item codes / GTIN numbers depending on size of individual octopus: Item 10400: 2-4 pound whole octopus, GTIN 1 00 70041 20007…"
okra,H-0270-2026,2025-12-17,Class I,Terminated,CHETAK NEW YORK LLC,United States,Deep-brand Select Bhindi Cut Okra KEEP FROZEN a) Net Wt. 12 oz (340 g); b) Net Wt. 1 LB 8 oz. (24 oz.) (680 g); c) Net Wt. 2 LB (907 g)
okra,F-0575-2024,2023-12-20,Class II,Terminated,Ben E Keith Foods - Fort Worth,All products were shipped via truck to food services.,TATER KEG BACON CHEDDAR CHIVE; OKRA CUT HEAVILY BREADED IQF; POTATO TATER TOTS; FRENCH FRIES SC 3/8 IN; JALAPENO STUFFED W/CHDR CHS; CORN CUT; BEAN GREEN REGULAR CUT; BEAN GREEN S…
onion,H-0424-2026,2026-02-04,Class II,Terminated,"Prima Vera Nueva, Inc.","U.S. Distribution: CA, NV","Mushroom, Spinach & Salsa Tamales with 2 Cheeses Ingredients: Organic Corn Flour Masa, Mushrooms, Spinach, Onions, Jalapenos, Jack and White Cheddar Cheese (pasteurized milk, chee…"
onion,H-0428-2026,2026-02-04,Class II,Terminated,"Prima Vera Nueva, Inc.","U.S. Distribution: CA, NV","Black Bean Bonanza Tamales with Black Beans NO DAIRY Ingredients: Organic Corn Flour Masa, Black Beans, Salsa (Tomatoes, Onions, Chiles, Garlic & Cilantro), Non-GMO Corn, Non-hydr…"
onion,H-0427-2026,2026-02-04,Class II,Terminated,"Prima Vera Nueva, Inc.","U.S. Distribution: CA, NV","BBQ Chipotle Bean & White Cheddar Tamales Ingredients: Organic Corn Flour Masa, Beans, Jack Cheese (Pasteurized Milk, Cheese Cultures, Salt and Enzymes), Salsa (Tomatoes, Onions, …"
onion,H-0426-2026,2026-02-04,Class II,Terminated,"Prima Vera Nueva, Inc.","U.S. Distribution: CA, NV","Mushroom, Spinach & Salsa Tamales No Dairy Ingredients: Organic Corn Flour Masa, Mushrooms, Spinach, Tomatoes, Onions, Jalapenos, Non-hydrogenated Vegetable Shortning, Salt, Spice…"
onion,H-0035-2026,2025-10-22,Class I,Terminated,"Garden Fresh Foods, Inc.",Distributed in WA only,"Sliced (1/4"") green onions, refrigerated, packaged in plastic bag. Each case consist 5/6lbs. bag (net wt. 30lbs.). Garden Fresh Foods Inc. Woodinville, WA. Product is distributed …"
onion,H-0263-2025,2025-07-23,Class I,Terminated,AND GO CONCEPTS DBA SALAD AND GO,Arizona and Nevada,"FG20001 Onion, Red Diced packaged in poly bag and cardboard case. 18 lbs per case"
onion,H-0244-2025,2025-07-16,Class II,Terminated,UNFI General Corporate,"NJ, NY, MD, DC, PA",1. ORGANIC OG2 GREEN ONIONS
onion,F-0330-2025,2025-01-08,Class II,Terminated,Gracie's Kitchens Inc.,CT and NY,a.) King Kullen brand Diced Red Onion; UPC: 85316-10086; 12 oz plastic container b.) Wild By Nature brand Diced Red Onion; UPC: 85316-10086; 12 oz plastic container c.) Gracie's K…
onion,F-0329-2025,2025-01-08,Class II,Terminated,Gracie's Kitchens Inc.,CT and NY,a.) King Kullen brand Diced White Onion; UPC: 85316-10083; 12 oz plastic container b.) Wild By Nature brand Diced White Onion; UPC: 85316-10085; 12 oz plastic container c.) Gracie…
onion,F-0134-2025,2024-11-20,Class I,Terminated,"Taylor Farms Colorado, Inc.","To food service facilities in CO, KS, MO, NE, NM, UT","raw, yellow onions (whole peeled), intended for food service, packaged into plastic bags (5-lbs)"
onion,F-0135-2025,2024-11-20,Class I,Terminated,"Taylor Farms Colorado, Inc.","To food service facilities in CO, KS, MO, NE, NM, UT","raw, yellow onions (whole unpeeled), intended for food service, repacked into in 5-lb plastic bags"
onion,F-0137-2025,2024-11-20,Class I,Terminated,"FreshPoint Denver, Incorporated",Colorado,Item Number PACK/SZ BRAND DESCRIPTION Lot Codes 082076 4/5 LBS IMPERIALFRESH PROC ONION YELLOW JULIENNE 3/8 All lot codes; 170992 4/5 LB IMPERIALFRESH PROC ONION YELLOW DICED 3/8 …
onion,F-0133-2025,2024-11-20,Class I,Terminated,"Taylor Farms Colorado, Inc.","To food service facilities in CO, KS, MO, NE, NM, UT","raw, yellow onions (sliced, diced, slivered, ringed), intended for food service, packaged in plastic bags"
onion,F-0136-2025,2024-11-20,Class I,Terminated,"Taylor Farms Colorado, Inc.","To food service facilities in CO, KS, MO, NE, NM, UT","raw, yellow onions (whole unpeeled), intended for food service, in 50-lb corrugated boxes"
onion,F-0074-2025,2024-11-06,Class I,Completed,"Jack & The Green Sprouts, Inc.","IA, MN, WI","Jack & the Green Sprouts Alfalfa & Onion, Net Weight 5 oz (142g). UPC 7 63247-19594 5 Keep Refrigerated. Product of USA. Jackandthegreensprouts.com, River Falls, WI 54022"
onion,F-1815-2024,2024-09-25,Class I,Completed,"GBC Food Services, LLC dba Yummi Sushi",Indiana,Supreme Peppers Tri Blend 8-50053-68534 8 OZ Supreme Jalapenos Diced 8-50053-68536 7 OZ Supreme Peppers W/Onions 8-50053-68538 7 OZ Supreme Peppers Snacking 8-50053-68553 12 OZ
onion,F-1763-2024,2024-09-11,Class I,Ongoing,JFE FRANCHISING INC,KY MI OH WV,"Diced Pepper Tri-Blend - 8 oz 639123880024 Diced Pepper w/ White Onion - 7 oz 639123880048 Fajita Mix, Hot $5.00 - 11 oz 639123880406 Fajita Mix, Mild $5.00 - 11 oz 639123880390 D…"
onion,F-0346-2024,2023-11-15,Class I,Terminated,"Gills Onions, LLC","Distributors in Canada AB, BC, NB, NS, ON; and the United States AZ, CA, CO, CT, FL, GA, IA, ID, IL, IN, KY, LA, MA, MD…","Cross Valley Farms 4/5 LB CTN FRESH 1/8"" SLIVERED YELLOW ONIONS W/ZIPPER"
onion,F-0350-2024,2023-11-15,Class I,Terminated,"Gills Onions, LLC","Distributors in Canada AB, BC, NB, NS, ON; and the United States AZ, CA, CO, CT, FL, GA, IA, ID, IL, IN, KY, LA, MA, MD…","Gills Onions 4/5 LB CTN FRESH 3/8"" DICED RED ONIONS WITH ZIPPER"
onion,F-0381-2024,2023-11-15,Class I,Terminated,"Gills Onions, LLC","Distributors in Canada AB, BC, NB, NS, ON; and the United States AZ, CA, CO, CT, FL, GA, IA, ID, IL, IN, KY, LA, MA, MD…","Imperial Fresh 4/5 LB CTN FRESH 1/4"" SLIVERED YLW ONIONS W/ZIP"
onion,F-0334-2024,2023-11-15,Class I,Terminated,"Gills Onions, LLC","Distributors in Canada AB, BC, NB, NS, ON; and the United States AZ, CA, CO, CT, FL, GA, IA, ID, IL, IN, KY, LA, MA, MD…","Cross Valley Farms 1/5LB CTN FRESH 1/4"" DICED RED ONIONS W/ZIP"
onion,F-0348-2024,2023-11-15,Class I,Terminated,"Gills Onions, LLC","Distributors in Canada AB, BC, NB, NS, ON; and the United States AZ, CA, CO, CT, FL, GA, IA, ID, IL, IN, KY, LA, MA, MD…","Gills Onions 4/5 LB CTN FRESH 1/4"" DICED RED ONIONS W/ZIPPER"
onion,F-0383-2024,2023-11-15,Class I,Terminated,"Gills Onions, LLC","Distributors in Canada AB, BC, NB, NS, ON; and the United States AZ, CA, CO, CT, FL, GA, IA, ID, IL, IN, KY, LA, MA, MD…","Imperial Fresh 4/5LB CTN FRESH 1/8"" SLIVERED YLW ONIONS W/ZIP"
onion,F-0340-2024,2023-11-15,Class I,Terminated,"Gills Onions, LLC","Distributors in Canada AB, BC, NB, NS, ON; and the United States AZ, CA, CO, CT, FL, GA, IA, ID, IL, IN, KY, LA, MA, MD…","Cross Valley Farms 2/5 LB CTN FRESH 1/4"" DICED YELLOW ONIONS W/ZIP"
onion,F-0361-2024,2023-11-15,Class I,Terminated,"Gills Onions, LLC","Distributors in Canada AB, BC, NB, NS, ON; and the United States AZ, CA, CO, CT, FL, GA, IA, ID, IL, IN, KY, LA, MA, MD…","Gills Onions 4/5 LB CTN FRESH 1/4"" SLIVERED YELLOW ONIONS W/ZIPPER"
onion,F-0367-2024,2023-11-15,Class I,Terminated,"Gills Onions, LLC","Distributors in Canada AB, BC, NB, NS, ON; and the United States AZ, CA, CO, CT, FL, GA, IA, ID, IL, IN, KY, LA, MA, MD…","Imperial Fresh 2/5 LB CTN FRSH 3/8"" DICED RED ONIONS W/ZIPPER"
onion,F-0344-2024,2023-11-15,Class I,Terminated,"Gills Onions, LLC","Distributors in Canada AB, BC, NB, NS, ON; and the United States AZ, CA, CO, CT, FL, GA, IA, ID, IL, IN, KY, LA, MA, MD…","Cross Valley Farms 4/5 LB CTN FRESH 1/4"" SLIVERED YELLOW ONIONS W/ZIPPER"
onion,F-0356-2024,2023-11-15,Class I,Terminated,"Gills Onions, LLC","Distributors in Canada AB, BC, NB, NS, ON; and the United States AZ, CA, CO, CT, FL, GA, IA, ID, IL, IN, KY, LA, MA, MD…","Gills Onions 2/5 LB CTN FRESH 1/4"" DICED YELLOW ONIONS W/ZIPPER"
onion,F-0398-2024,2023-11-15,Class I,Terminated,"Gills Onions, LLC","Distributors in Canada AB, BC, NB, NS, ON; and the United States AZ, CA, CO, CT, FL, GA, IA, ID, IL, IN, KY, LA, MA, MD…","Ready Set Serve 4/5 LB CTN FRESH 3/8"" DICED YELLOW ONIONS W/ZIPPER"
onion,F-0362-2024,2023-11-15,Class I,Terminated,"Gills Onions, LLC","Distributors in Canada AB, BC, NB, NS, ON; and the United States AZ, CA, CO, CT, FL, GA, IA, ID, IL, IN, KY, LA, MA, MD…","Gills Onions 2/5 LB CTN FRESH 1/8"" SLIVERED YELLOW ONIONS W/ZIPPER"
onion,F-0339-2024,2023-11-15,Class I,Terminated,"Gills Onions, LLC","Distributors in Canada AB, BC, NB, NS, ON; and the United States AZ, CA, CO, CT, FL, GA, IA, ID, IL, IN, KY, LA, MA, MD…","Cross Valley Farms 1/5 LB CTN FRESH 1/4"" DICED YELLOW ONIONS W/ZIP"
onion,F-0371-2024,2023-11-15,Class I,Terminated,"Gills Onions, LLC","Distributors in Canada AB, BC, NB, NS, ON; and the United States AZ, CA, CO, CT, FL, GA, IA, ID, IL, IN, KY, LA, MA, MD…","Imperial Fresh 2/5 LB CTN FRESH 3/16"" SLVERED RED ONIONS SYSCO"
onion,F-0368-2024,2023-11-15,Class I,Terminated,"Gills Onions, LLC","Distributors in Canada AB, BC, NB, NS, ON; and the United States AZ, CA, CO, CT, FL, GA, IA, ID, IL, IN, KY, LA, MA, MD…","Imperial Fresh 1/5 LB CTN FRSH 1/4"" SLVRD RED ONIONS W/ZIPPER"
onion,F-0354-2024,2023-11-15,Class I,Terminated,"Gills Onions, LLC","Distributors in Canada AB, BC, NB, NS, ON; and the United States AZ, CA, CO, CT, FL, GA, IA, ID, IL, IN, KY, LA, MA, MD…","Gills Onions 4/5 LB CTN FRESH 1/2"" DICED YELLOW ONIONS W/ZIPPER"
onion,F-0391-2024,2023-11-15,Class I,Terminated,"Gills Onions, LLC","Distributors in Canada AB, BC, NB, NS, ON; and the United States AZ, CA, CO, CT, FL, GA, IA, ID, IL, IN, KY, LA, MA, MD…","PEAK 2/5 LB CTN FRESH 3/8"" DICED YELLOW ONIONS W/ZIPPER"
onion,F-0395-2024,2023-11-15,Class I,Terminated,"Gills Onions, LLC","Distributors in Canada AB, BC, NB, NS, ON; and the United States AZ, CA, CO, CT, FL, GA, IA, ID, IL, IN, KY, LA, MA, MD…","Ready Set Serve 4/5 LB CTN FRESH 1/2"" DICED YELLOW ONIONS W/ZIP"
onion,F-0376-2024,2023-11-15,Class I,Terminated,"Gills Onions, LLC","Distributors in Canada AB, BC, NB, NS, ON; and the United States AZ, CA, CO, CT, FL, GA, IA, ID, IL, IN, KY, LA, MA, MD…","Imperial Fresh 4/5 LB CTN FRSH 1/4"" DICED YLW ONIONS W/ZIP"
onion,F-0373-2024,2023-11-15,Class I,Terminated,"Gills Onions, LLC","Distributors in Canada AB, BC, NB, NS, ON; and the United States AZ, CA, CO, CT, FL, GA, IA, ID, IL, IN, KY, LA, MA, MD…","Imperial Fresh 4/5 LB CTN FRESH 1/2"" DICED YLW ONIONS W/ZIP"
onion,F-0360-2024,2023-11-15,Class I,Terminated,"Gills Onions, LLC","Distributors in Canada AB, BC, NB, NS, ON; and the United States AZ, CA, CO, CT, FL, GA, IA, ID, IL, IN, KY, LA, MA, MD…","Gills Onions 2/5 LB CTN FRESH 1/4"" SLIVERED YELLOW ONIONS W/ZIPPER"
onion,F-0343-2024,2023-11-15,Class I,Terminated,"Gills Onions, LLC","Distributors in Canada AB, BC, NB, NS, ON; and the United States AZ, CA, CO, CT, FL, GA, IA, ID, IL, IN, KY, LA, MA, MD…","Cross Valley Farms 4/5 LB CTN FRESH 3/8"" DICED YELLOW ONIONS W/ ZIP"
onion,F-0359-2024,2023-11-15,Class I,Terminated,"Gills Onions, LLC","Distributors in Canada AB, BC, NB, NS, ON; and the United States AZ, CA, CO, CT, FL, GA, IA, ID, IL, IN, KY, LA, MA, MD…","Gills Onions 4/5 LB CTN FRESH 3/8"" DICED YELLOW ONIONS W/ZIPPER"
onion,F-0385-2024,2023-11-15,Class I,Terminated,"Gills Onions, LLC","Distributors in Canada AB, BC, NB, NS, ON; and the United States AZ, CA, CO, CT, FL, GA, IA, ID, IL, IN, KY, LA, MA, MD…","Imperial Fresh 4/5LB CTN FRESH 3/16"" SLIVERED YLW ONIONS W/ZIP"
onion,F-0345-2024,2023-11-15,Class I,Terminated,"Gills Onions, LLC","Distributors in Canada AB, BC, NB, NS, ON; and the United States AZ, CA, CO, CT, FL, GA, IA, ID, IL, IN, KY, LA, MA, MD…","Cross Valley Farms 2/5 LB CTN FRESH 1/8"" SLIVERED YELLOW ONIONS W/ZIPPER"
onion,F-0341-2024,2023-11-15,Class I,Terminated,"Gills Onions, LLC","Distributors in Canada AB, BC, NB, NS, ON; and the United States AZ, CA, CO, CT, FL, GA, IA, ID, IL, IN, KY, LA, MA, MD…","Cross Valley Farms 4/5 LB CTN FRESH 1/4"" DICED YELLOW ONIONS W/ZIP"
onion,F-0353-2024,2023-11-15,Class I,Terminated,"Gills Onions, LLC","Distributors in Canada AB, BC, NB, NS, ON; and the United States AZ, CA, CO, CT, FL, GA, IA, ID, IL, IN, KY, LA, MA, MD…","Gills Onions 1/5 LB CTN FRESH 1/2"" DICED YELLOW ONIONS W/ZIP"
onion,F-0342-2024,2023-11-15,Class I,Terminated,"Gills Onions, LLC","Distributors in Canada AB, BC, NB, NS, ON; and the United States AZ, CA, CO, CT, FL, GA, IA, ID, IL, IN, KY, LA, MA, MD…","Cross Valley Farms 2/5 LB CTN FRESH 3/8"" DICED YELLOW ONIONS W/ZIP"
onion,F-0369-2024,2023-11-15,Class I,Terminated,"Gills Onions, LLC","Distributors in Canada AB, BC, NB, NS, ON; and the United States AZ, CA, CO, CT, FL, GA, IA, ID, IL, IN, KY, LA, MA, MD…","Imperial Fresh 2/5 LB CTN FRESH 1/8"" SLIVERED RED ONIONS W/ZIPPER"
onion,F-0393-2024,2023-11-15,Class I,Terminated,"Gills Onions, LLC","Distributors in Canada AB, BC, NB, NS, ON; and the United States AZ, CA, CO, CT, FL, GA, IA, ID, IL, IN, KY, LA, MA, MD…","Ready Set Serve 2/5LB CTN FRESH 1/4"" DICED RED ONIONS W/ZIPPER"
onion,F-0329-2024,2023-11-15,Class I,Terminated,"Gills Onions, LLC","Distributors in Canada AB, BC, NB, NS, ON; and the United States AZ, CA, CO, CT, FL, GA, IA, ID, IL, IN, KY, LA, MA, MD…","Gills Onions 3 lb. bags, diced yellow onions"
onion,F-0332-2024,2023-11-15,Class I,Terminated,"Gills Onions, LLC","Distributors in Canada AB, BC, NB, NS, ON; and the United States AZ, CA, CO, CT, FL, GA, IA, ID, IL, IN, KY, LA, MA, MD…","Gills Onions 10 oz cups, diced mirepoix"
onion,F-0382-2024,2023-11-15,Class I,Terminated,"Gills Onions, LLC","Distributors in Canada AB, BC, NB, NS, ON; and the United States AZ, CA, CO, CT, FL, GA, IA, ID, IL, IN, KY, LA, MA, MD…","Imperial Fresh 2/5 LB CTN FRESH 1/8"" SLIVERED YLW ONIONS W/ZIP"
onion,F-0379-2024,2023-11-15,Class I,Terminated,"Gills Onions, LLC","Distributors in Canada AB, BC, NB, NS, ON; and the United States AZ, CA, CO, CT, FL, GA, IA, ID, IL, IN, KY, LA, MA, MD…","Imperial Fresh4/5 LB CTN FRSH 3/8"" DICED YLW ONIONS W/ZIP"
onion,F-0386-2024,2023-11-15,Class I,Terminated,"Gills Onions, LLC","Distributors in Canada AB, BC, NB, NS, ON; and the United States AZ, CA, CO, CT, FL, GA, IA, ID, IL, IN, KY, LA, MA, MD…","PEAK 2/5 LB CTN FRESH 1/4"" DICED RED ONIONS W/ZIP"
onion,F-0352-2024,2023-11-15,Class I,Terminated,"Gills Onions, LLC","Distributors in Canada AB, BC, NB, NS, ON; and the United States AZ, CA, CO, CT, FL, GA, IA, ID, IL, IN, KY, LA, MA, MD…","Gills Onions 4/5 LB CTN FRESH 1/8"" SLIVERED RED ONIONS W/ZIPPER"
onion,F-0357-2024,2023-11-15,Class I,Terminated,"Gills Onions, LLC","Distributors in Canada AB, BC, NB, NS, ON; and the United States AZ, CA, CO, CT, FL, GA, IA, ID, IL, IN, KY, LA, MA, MD…","Gills Onions 4/5 LB CTN FRESH 1/4"" DICED YELLOW ONIONS W/ZIPPER"
onion,F-0358-2024,2023-11-15,Class I,Terminated,"Gills Onions, LLC","Distributors in Canada AB, BC, NB, NS, ON; and the United States AZ, CA, CO, CT, FL, GA, IA, ID, IL, IN, KY, LA, MA, MD…","Gills Onions 2/5 LB CTN FRESH 3/8"" DICED YELLOW ONION W/ZIPPER"
onion,F-0330-2024,2023-11-15,Class I,Terminated,"Gills Onions, LLC","Distributors in Canada AB, BC, NB, NS, ON; and the United States AZ, CA, CO, CT, FL, GA, IA, ID, IL, IN, KY, LA, MA, MD…","Gills Onions 8 oz cups, diced yellow onions"
onion,F-0377-2024,2023-11-15,Class I,Terminated,"Gills Onions, LLC","Distributors in Canada AB, BC, NB, NS, ON; and the United States AZ, CA, CO, CT, FL, GA, IA, ID, IL, IN, KY, LA, MA, MD…","Imperial Fresh 1/5 LB CTN FRSH 3/8"" DICED YLW ONIONS W/ ZIP"
onion,F-0372-2024,2023-11-15,Class I,Terminated,"Gills Onions, LLC","Distributors in Canada AB, BC, NB, NS, ON; and the United States AZ, CA, CO, CT, FL, GA, IA, ID, IL, IN, KY, LA, MA, MD…","Imperial Fresh 2/5 LB CTN FRESH 1/2"" DICED YLW ONIONS W/ZIP"
onion,F-0399-2024,2023-11-15,Class I,Terminated,"Gills Onions, LLC","Distributors in Canada AB, BC, NB, NS, ON; and the United States AZ, CA, CO, CT, FL, GA, IA, ID, IL, IN, KY, LA, MA, MD…","Ready Set Serve 2/5 LB CTN FRESH 1/4"" SLIVERED YELLOW ONIONS W/ZIPPER"
onion,F-0355-2024,2023-11-15,Class I,Terminated,"Gills Onions, LLC","Distributors in Canada AB, BC, NB, NS, ON; and the United States AZ, CA, CO, CT, FL, GA, IA, ID, IL, IN, KY, LA, MA, MD…","Gills Onions 1/5 LB CTN FRESH 1/4"" DICED YELLOW ONION W/ZIPPERS"
onion,F-0392-2024,2023-11-15,Class I,Terminated,"Gills Onions, LLC","Distributors in Canada AB, BC, NB, NS, ON; and the United States AZ, CA, CO, CT, FL, GA, IA, ID, IL, IN, KY, LA, MA, MD…","PEAK 4/5 LB CTN FRESH 3/8"" DICED YELLOW ONIONS W/ZIPPER"
onion,F-0351-2024,2023-11-15,Class I,Terminated,"Gills Onions, LLC","Distributors in Canada AB, BC, NB, NS, ON; and the United States AZ, CA, CO, CT, FL, GA, IA, ID, IL, IN, KY, LA, MA, MD…","Gills Onions 2/5 LB CTN FRESH 1/8"" SLIVERED RED ONIONS W/ZIPPER"
onion,F-0378-2024,2023-11-15,Class I,Terminated,"Gills Onions, LLC","Distributors in Canada AB, BC, NB, NS, ON; and the United States AZ, CA, CO, CT, FL, GA, IA, ID, IL, IN, KY, LA, MA, MD…","Imperial Fresh 2/5 LB CTN FRSH 3/8"" DICED YLW ONION W/ZIP"
onion,F-0384-2024,2023-11-15,Class I,Terminated,"Gills Onions, LLC","Distributors in Canada AB, BC, NB, NS, ON; and the United States AZ, CA, CO, CT, FL, GA, IA, ID, IL, IN, KY, LA, MA, MD…","Imperial Fresh 2/5LB CTN FRESH 3/16"" SLIVERED YLW ONIONS W/ZIP"
onion,F-0374-2024,2023-11-15,Class I,Terminated,"Gills Onions, LLC","Distributors in Canada AB, BC, NB, NS, ON; and the United States AZ, CA, CO, CT, FL, GA, IA, ID, IL, IN, KY, LA, MA, MD…","Imperial Fresh 1/5 LB CTN FRSH 1/4"" DICED YLW ONIONS W/ZIP"
onion,F-0370-2024,2023-11-15,Class I,Terminated,"Gills Onions, LLC","Distributors in Canada AB, BC, NB, NS, ON; and the United States AZ, CA, CO, CT, FL, GA, IA, ID, IL, IN, KY, LA, MA, MD…","Imperial Fresh 4/5 LB CTN FRESH 1/8"" SLIVERED RED ONIONS W/ZIP"
onion,F-0387-2024,2023-11-15,Class I,Terminated,"Gills Onions, LLC","Distributors in Canada AB, BC, NB, NS, ON; and the United States AZ, CA, CO, CT, FL, GA, IA, ID, IL, IN, KY, LA, MA, MD…","PEAK 4/5 LB CTN FRESH 1/4"" DICED RED ONIONS W/ZIPPER"
onion,F-0335-2024,2023-11-15,Class I,Terminated,"Gills Onions, LLC","Distributors in Canada AB, BC, NB, NS, ON; and the United States AZ, CA, CO, CT, FL, GA, IA, ID, IL, IN, KY, LA, MA, MD…","Cross Valley Farms 2/5 LB CTN FRESH 1/4"" DICED RED ONION W/ZIP"
onion,F-0338-2024,2023-11-15,Class I,Terminated,"Gills Onions, LLC","Distributors in Canada AB, BC, NB, NS, ON; and the United States AZ, CA, CO, CT, FL, GA, IA, ID, IL, IN, KY, LA, MA, MD…","Cross Valley Farms 4/5 LB CTN FRESH 1/2"" DICED YELLOW ONIONS W/ZIP"
onion,F-0333-2024,2023-11-15,Class I,Terminated,"Gills Onions, LLC","Distributors in Canada AB, BC, NB, NS, ON; and the United States AZ, CA, CO, CT, FL, GA, IA, ID, IL, IN, KY, LA, MA, MD…","Gills Onions 8 oz cups, diced red onions"
onion,F-0364-2024,2023-11-15,Class I,Terminated,"Gills Onions, LLC","Distributors in Canada AB, BC, NB, NS, ON; and the United States AZ, CA, CO, CT, FL, GA, IA, ID, IL, IN, KY, LA, MA, MD…","Imperial Fresh 1/5 LB CTN FRESH 1/4"" DICED RED ONIONS W/ZIPPER SYSCO"
onion,F-0396-2024,2023-11-15,Class I,Terminated,"Gills Onions, LLC","Distributors in Canada AB, BC, NB, NS, ON; and the United States AZ, CA, CO, CT, FL, GA, IA, ID, IL, IN, KY, LA, MA, MD…","Ready Set Serve 2/5 LB CTN FRESH 1/4"" DICED YLW ONIONS W/ZIP"
onion,F-0389-2024,2023-11-15,Class I,Terminated,"Gills Onions, LLC","Distributors in Canada AB, BC, NB, NS, ON; and the United States AZ, CA, CO, CT, FL, GA, IA, ID, IL, IN, KY, LA, MA, MD…","PEAK 2/5 LB CTN FRESH 1/4"" DICED YELLOW ONIONS W/ZIP"
onion,F-0380-2024,2023-11-15,Class I,Terminated,"Gills Onions, LLC","Distributors in Canada AB, BC, NB, NS, ON; and the United States AZ, CA, CO, CT, FL, GA, IA, ID, IL, IN, KY, LA, MA, MD…","Imperial Fresh 2/5 LB CTN FRESH 1/4"" SLIVERED YLW ONIONS W/ZIP"
onion,F-0336-2024,2023-11-15,Class I,Terminated,"Gills Onions, LLC","Distributors in Canada AB, BC, NB, NS, ON; and the United States AZ, CA, CO, CT, FL, GA, IA, ID, IL, IN, KY, LA, MA, MD…","Cross Valley Farms 2/5 LB CTN FRESH 3/8"" DICED RED ONIONS W/ZIPPER"
onion,F-0365-2024,2023-11-15,Class I,Terminated,"Gills Onions, LLC","Distributors in Canada AB, BC, NB, NS, ON; and the United States AZ, CA, CO, CT, FL, GA, IA, ID, IL, IN, KY, LA, MA, MD…","Imperial Fresh 2/5 LB CTN FRSH 1/4"" DICED RED ONIONS W/ZIPPER SYSCO 3295219"
onion,F-0394-2024,2023-11-15,Class I,Terminated,"Gills Onions, LLC","Distributors in Canada AB, BC, NB, NS, ON; and the United States AZ, CA, CO, CT, FL, GA, IA, ID, IL, IN, KY, LA, MA, MD…","Ready Set Serve 2/5 LB CTN FRESH 1/2"" DICED YELLOW ONIONS W/ZIPPER"
onion,F-0347-2024,2023-11-15,Class I,Terminated,"Gills Onions, LLC","Distributors in Canada AB, BC, NB, NS, ON; and the United States AZ, CA, CO, CT, FL, GA, IA, ID, IL, IN, KY, LA, MA, MD…","Gills Onions 1/5 LB CTN FRESH 1/4"" DICED RED ONIONS W/ZIPPER"
onion,F-0331-2024,2023-11-15,Class I,Terminated,"Gills Onions, LLC","Distributors in Canada AB, BC, NB, NS, ON; and the United States AZ, CA, CO, CT, FL, GA, IA, ID, IL, IN, KY, LA, MA, MD…","Gills Onions 8 oz cups, diced celery & onions"
onion,F-0397-2024,2023-11-15,Class I,Terminated,"Gills Onions, LLC","Distributors in Canada AB, BC, NB, NS, ON; and the United States AZ, CA, CO, CT, FL, GA, IA, ID, IL, IN, KY, LA, MA, MD…","Ready Set Serve 4/5 LB CTN FRESH 1/4"" DICED YLW ONIONS W/ZIP"
onion,F-0375-2024,2023-11-15,Class I,Terminated,"Gills Onions, LLC","Distributors in Canada AB, BC, NB, NS, ON; and the United States AZ, CA, CO, CT, FL, GA, IA, ID, IL, IN, KY, LA, MA, MD…","Imperial Fresh 2/5 LB CTN FRSH 1/4"" DICED YLW ONIONS W/ZIP"
onion,F-0337-2024,2023-11-15,Class I,Terminated,"Gills Onions, LLC","Distributors in Canada AB, BC, NB, NS, ON; and the United States AZ, CA, CO, CT, FL, GA, IA, ID, IL, IN, KY, LA, MA, MD…","Cross Valley Farms 2/5 LB CTN FRESH 1/2"" DICED YELLOW ONIONS W/ZIP"
onion,F-0363-2024,2023-11-15,Class I,Terminated,"Gills Onions, LLC","Distributors in Canada AB, BC, NB, NS, ON; and the United States AZ, CA, CO, CT, FL, GA, IA, ID, IL, IN, KY, LA, MA, MD…","4/5 LB CTN FRESH 1/4"" DICED YLW ONIONS W/ZIPPER DARDEN"
onion,F-0390-2024,2023-11-15,Class I,Terminated,"Gills Onions, LLC","Distributors in Canada AB, BC, NB, NS, ON; and the United States AZ, CA, CO, CT, FL, GA, IA, ID, IL, IN, KY, LA, MA, MD…","PEAK 4/5 LB CTN FRESH 1/4"" DICED YELLOW ONIONS W/ZIPPER"
onion,F-0388-2024,2023-11-15,Class I,Terminated,"Gills Onions, LLC","Distributors in Canada AB, BC, NB, NS, ON; and the United States AZ, CA, CO, CT, FL, GA, IA, ID, IL, IN, KY, LA, MA, MD…","PEAK 2/5 LB CTN FRESH 1/2"" DICED YELLOW ONIONS W/ZIP"
onion,F-0349-2024,2023-11-15,Class I,Terminated,"Gills Onions, LLC","Distributors in Canada AB, BC, NB, NS, ON; and the United States AZ, CA, CO, CT, FL, GA, IA, ID, IL, IN, KY, LA, MA, MD…","Gills Onions 2/5 LB CTN FRESH 3/8"" DICED RED ONIONS WITH ZIPPER"
onion,F-0977-2023,2023-06-14,Class I,Terminated,Olam Food Ingredients,"Product shipped to Canada, Arkansas, and Illinois","Onion Powder Premium, 44.9 and 50 lb. fiber bags sold as bulk ingredient"
onion,F-0008-2023,2022-10-12,Class I,Completed,Renaissance Food Group,"Products were shipped to the following states: Alabama, Georgia & South Carolina.","Diced Red Onion, NET WT, 10 OZ (283g), Dist. By: Renaissance Food Group LLC 4322 Moreland Ave. Conley, GA 30288, UPC, 8 26766 18100 1"
onion,F-0007-2023,2022-10-12,Class I,Completed,Renaissance Food Group,"Products were shipped to the following states: Alabama, Georgia & South Carolina.","Diced Bell Pepper & White Onion, NET WT, 7 OZ (198g), Dist. By: Renaissance Food Group LLC 4322 Moreland Ave. Conley, GA 30288, UPC, 8 26766 19004"
onion,F-0227-2022,2021-12-08,Class I,Terminated,"Alsum Farms & Produce, Inc.","IL, MI, PA, WI","Alsum Farms & Produce Whole Red onions packaged in 2lb. (907g) bags, UPC 39186-60101 Produce of Mexico. Packed by Alsum Farms & Product, Inc., Friesland, WI 53935."
onion,F-0225-2022,2021-12-08,Class I,Terminated,"Alsum Farms & Produce, Inc.","IL, MI, PA, WI","Alsum Farms & Produce Whole White Onions, 2 lbs. (907g) UPC 39186-60051. Produce of Mexico. Packed by Alsum Farms & Product, Inc., Friesland, WI 53935."
onion,F-0228-2022,2021-12-08,Class I,Terminated,Onions 52,"Nationwide, NE, TN, TX.","5# (LB) Ctn (box) Jumbo Red Onions, Product of Mexico - Label Imperial Fresh Distributed by Carzalia Valley Produce, Columbus, NM. UPC 1039494. Imported from Chihuahua, Mexico, so…"
onion,F-0230-2022,2021-12-08,Class I,Terminated,Onions 52,"Nationwide, NE, TN, TX.","40# (LB) Ctn (box) Jumbo Yellow Onions, Product of Mexico - Label Carzalia Valley Produce, Distributed by Carzalia Valley Produce, Columbus, NM. UPC 00815222010023 Imported from C…"
onion,F-0229-2022,2021-12-08,Class I,Terminated,Onions 52,"Nationwide, NE, TN, TX.","12 count per 2 lb. mesh sacks with UPC 033383 601014 Medium Red Onions Product of Mexico Farm Fresh Label Distributed by Onions 52 Carrollton, TX. 12 count per 3 lb. mesh sacks wi…"
onion,F-0226-2022,2021-12-08,Class I,Terminated,"Alsum Farms & Produce, Inc.","IL, MI, PA, WI","Alsum Farms & Produce Whole Yellow Onions packaged in 3 lbs. (1.36kg) UPC 39186-60002 and 5 lbs. (2.27kg) UPC 39186-60003 bags. Produce of Mexico. Packed by Alsum Farms & Product,…"
onion,F-0183-2022,2021-11-24,Class I,Terminated,POTANDON PRODUCE LLC,distributed in MN and ND.,"Green Giant Fresh brand, Whole YELLOW Onions packaged in 2 lb. flexible mesh bags, UPC 60580600120-8. Green Giant Fresh brand, Whole YELLOW Onions packaged in 3 lb. flexible mesh …"
onion,F-0175-2022,2021-11-24,Class I,Terminated,Sysco Merchandising and Supply,"AL, AR, CA, CT, FL, GA, LA, MA, NC, NH, NV, NY, OK, SC, TX","Whole Yellow and Spanish onions packed in 5 pound bag, 10 pound bag; Pre cut yellow colossal onions"
onion,F-0170-2022,2021-11-24,Class I,Terminated,KEELER FAMILY FARMS,Nationwide and Ontario Canada.,"Whole raw onions - RED - imported from Chihuahua, Mexico and shipped from July 1, 2021 through August 25, 2021. Products are packaged in 25 lb. and 50 lb. mesh bags. One pallet co…"
onion,F-0180-2022,2021-11-24,Class I,Terminated,JF Palmer & Sons Produce,"MN, TX, CA, MD","Onions Red Jumbo, packaged in 25 pound bulk bags"
onion,F-0184-2022,2021-11-24,Class I,Terminated,POTANDON PRODUCE LLC,distributed in MN and ND.,"Green Giant Fresh brand, Whole WHITE Onions packaged in 2 lb. flexible mesh bags, UPC 60580600218-2."
onion,F-0171-2022,2021-11-24,Class I,Terminated,KEELER FAMILY FARMS,Nationwide and Ontario Canada.,"Whole raw onions - WHITE - imported from Chihuahua, Mexico and shipped from July 1, 2021 through August 25, 2021. Products are packaged in 25 lb. and 50 lb. mesh bags. One pallet …"
onion,F-0178-2022,2021-11-24,Class I,Terminated,JF Palmer & Sons Produce,"MN, TX, CA, MD","Onions Yellow, Small, Medium, Large, Jumbo, Colossal, Super Colossal packaged in 16.3 pound and 50 pound bulk bags"
onion,F-0172-2022,2021-11-24,Class I,Terminated,KEELER FAMILY FARMS,Nationwide and Ontario Canada.,"Whole raw onions - YELLOW - imported from Chihuahua, Mexico and shipped from July 1, 2021 through August 25, 2021. Products are packaged in 25 lb. and 50 lb. mesh bags. One pallet…"
onion,F-0181-2022,2021-11-24,Class I,Terminated,Bix Produce Company LLC,"IA, MN, ND, SD, WI","Raw onion sold in bags or sliced and diced with the following item numbers and lot code. 1. RED JUMBO 25# 1/25 LB, item 06370; 2. ONIONS,RED JUMBO 1/5 LB, item 06373; 3. ONIONS,RE…"
onion,F-0177-2022,2021-11-24,Class I,Terminated,"Pier-C Produce, Inc.",Domestic distribution - Florida,"Pier-C Produce, Inc., White Onions Grade No 1, Net Wt 2 lbs (0.907 KG), Distributed by Pier C Produce, Leamington, Ontario, Produce of Mexico"
onion,F-0179-2022,2021-11-24,Class I,Terminated,JF Palmer & Sons Produce,"MN, TX, CA, MD","Onions White, Medium, Large, Jumbo, packaged in 50 pound bulk bags"
onion,F-0124-2022,2021-11-17,Class II,Terminated,E-Z Spuds Inc,"Manufacturers and Food service establishments in the Chicago, IL metro area",E-Z Spuds Inc. fresh cut green onion products (10 lbs) crosscut
onion,F-0123-2022,2021-11-17,Class I,Terminated,E-Z Spuds Inc,"Manufacturers and Food service establishments in the Chicago, IL metro area","E-Z Spuds Inc. fresh cut onion products (10, 20, 30 lbs) diced, sliced, Julienne, whole peeled"
onion,F-0116-2022,2021-11-10,Class I,Terminated,POTANDON PRODUCE LLC,Distributed in ND and MN.,"Green Giant Fresh whole RED onions in 2 lbs. flexible mesh bags, (18/2 lb. pkg per case) - UPC 60580600248-9."
onion,F-0112-2022,2021-11-10,Class I,Terminated,ProSource Produce LLC,"Distributed in AL, AR, AZ, CA, CO, CT, FL, GA, IA, ID, IL, IN, KS, KY, LA, MA, MD, MI, MN, MO, MS, NC, NE, NJ, NM, NY, …","Whole raw YELLOW onions are imported from Chihuahua of MEXICO. Products are packaged in 50 lb., 25 lb., 10 lb., 5 lb., 3 lb., and 2 lb. mesh sacks and in 50 lb., 40 lb., 25 lb., 1…"
onion,F-0111-2022,2021-11-10,Class I,Terminated,ProSource Produce LLC,"Distributed in AL, AR, AZ, CA, CO, CT, FL, GA, IA, ID, IL, IN, KS, KY, LA, MA, MD, MI, MN, MO, MS, NC, NE, NJ, NM, NY, …","Whole raw RED onions are imported from Chihuahua of MEXICO. Products are packaged in 50 lb., 25 lb., 10 lb., 5 lb., 3 lb., and 2 lb. mesh sacks and in 50 lb., 40 lb., 25 lb., 10 l…"
onion,F-0114-2022,2021-11-10,Class I,Terminated,POTANDON PRODUCE LLC,Distributed in ND and MN.,"Green Giant Fresh whole YELLOW onions in 2 lbs. flexible mesh bags, (25/2 lb. pkg. per case) - UPC 60580600120-8. Green Giant Fresh whole YELLOW onions in 3 lbs. flexible mesh bag…"
onion,F-0113-2022,2021-11-10,Class I,Terminated,ProSource Produce LLC,"Distributed in AL, AR, AZ, CA, CO, CT, FL, GA, IA, ID, IL, IN, KS, KY, LA, MA, MD, MI, MN, MO, MS, NC, NE, NJ, NM, NY, …","Whole raw WHITE onions are imported from Chihuahua of MEXICO. Products are packaged in 50 lb., 25 lb., 10 lb., 5 lb., 3 lb., and 2 lb. mesh sacks and in 50 lb., 40 lb., 25 lb., 10…"
onion,F-0115-2022,2021-11-10,Class I,Terminated,POTANDON PRODUCE LLC,Distributed in ND and MN.,"Green Giant Fresh whole WHITE onions in 2 lbs. flexible mesh bags, (25/2 lb. pkg per case) - UPC 60580600218-2."
onion,F-1597-2020,2020-10-07,Class I,Terminated,"Spokane Produce, Inc.","distributed in ID, MT, OR, WA, and WY.","Item 78500 Onion Red Diced, Refrigerated, net wt. 5 LB, packaged in Sealed Plastic Bag. No label."
onion,F-1602-2020,2020-10-07,Class I,Terminated,"Spokane Produce, Inc.","distributed in ID, MT, OR, WA, and WY.","Item 79000 Onion Yellow Diced, Refrigerated, net wt. 5 LB, packaged in Sealed Plastic Bag. No label. Item 79007 Onion Yellow Diced, Refrigerated, net wt. 2 LB, packaged in Sealed …"
onion,F-1599-2020,2020-10-07,Class I,Terminated,"Spokane Produce, Inc.","distributed in ID, MT, OR, WA, and WY.","Item 78750 Onion Red Sliced, Refrigerated, net wt. 5 LB, packaged in Sealed Plastic Bag. No label. Item 78751 Onion Red Sliced, Refrigerated, net wt. 5 LB, packaged in Sealed Plas…"
onion,F-1607-2020,2020-10-07,Class I,Terminated,"Spokane Produce, Inc.","distributed in ID, MT, OR, WA, and WY.","Item 79090 Onion Yellow Sliced, Refrigerated, net wt. 5 LB, packaged in Sealed Plastic Bag. No label. Item 79100 Onion Yellow Sliced, Refrigerated, net wt. 5 LB, packaged in Seale…"
onion,F-1601-2020,2020-10-07,Class I,Terminated,"Spokane Produce, Inc.","distributed in ID, MT, OR, WA, and WY.","Item 79371 Onion White Sliced, Refrigerated, net wt. 5 LB, packaged in Sealed Plastic Bag. No label."
onion,F-1603-2020,2020-10-07,Class I,Terminated,"Spokane Produce, Inc.","distributed in ID, MT, OR, WA, and WY.","Item 79009 Onion Yellow Diced 3/8"", Refrigerated, net wt. 14 OZ, packaged in Sealed Plastic Bag. No label."
onion,F-1600-2020,2020-10-07,Class I,Terminated,"Spokane Produce, Inc.","distributed in ID, MT, OR, WA, and WY.","Item 78800 Onion White Diced, Refrigerated, net wt. 5 LB, packaged in Sealed Plastic Bag. No label. Item 78801 Onion White Diced, Refrigerated, net wt. 2 LB, packaged in Sealed Pl…"
onion,F-1436-2020,2020-09-23,Class I,Terminated,Lancaster Foods LLC,"Bulk Product distributed PA,AR,MD,MA,VA,DE,CT to various retailers.","Red Onions, Bulk"
onion,F-1335-2020,2020-09-09,Class I,Terminated,Triple B Corporation,distributed in AK only.,"Charlies Produce Anchorage, WHITE Peeled Onions, Jumbo, Ready To Eat (RTE), keep refrigerated. Shelf-life: packing date plus 6 days. Packed in corrugated cardboard box. Net. wt. 2…"
onion,F-1336-2020,2020-09-09,Class I,Terminated,Triple B Corporation,distributed in AK only.,"Charlie s Produce Anchorage, RED Peeled Onions, Jumbo, Ready To Eat (RTE), keep refrigerated. Shelf-life: packing date plus 6 days, packed in corrugated cardboard box. Net. wt. 20…"
onion,F-1337-2020,2020-09-09,Class I,Terminated,Triple B Corporation,distributed in AK only.,"Charlies Produce Anchorage, YELLOW Peeled Onions, Jumbo, Ready To Eat (RTE), keep refrigerated. Shelf-life: packing date plus 6 days. Packed in corrugated cardboard box. Net. wt. …"
onion,F-1365-2020,2020-09-09,Class I,Terminated,Giant Eagle,"Product was produced and sold in Giant Eagle and Market District locations in IN, OH, MD, WV and PA.",Sub Shop-Red Onions. Expiration 7/31/2020. Ingredients raw red onion.
onion,F-1260-2020,2020-09-02,Class I,Terminated,Emerald Fruit & Produce Inc,distributed in OR only.,"M60026CS Onions Yellow Sliced sold by pound for foodservice use. Product is perishable, refrigerated, shelf life 5 days, and packed in 5 lbs. cello bags. No label was attached/pro…"
onion,F-1262-2020,2020-09-02,Class I,Terminated,Emerald Fruit & Produce Inc,distributed in OR only.,"M60027CS Onions Yellow Whole Peeled sold by pound for foodservice use. Product is perishable, refrigerated, shelf life 5 days, and packed in 5 lbs. cello bags. No label was attach…"
onion,F-1255-2020,2020-09-02,Class I,Terminated,Progressive Produce LLC,"AZ, CA, NV and UT",Red Onions; Pacific Gold 25 Lb. RED Onion JBO - Pacific Gold w/plu 50 lb. SX Red Onion JBO US #1 Sold to consumers in bulk pins. in bulk bins
onion,F-1269-2020,2020-09-02,Class I,Terminated,Emerald Fruit & Produce Inc,distributed in OR only.,"Onions White Whole Dry 5 lb bag (item 78158) for foodservice use, shelf life 14 days, packed in 5 lbs. cello bag and stored in box - No label was attached/provided."
onion,F-1266-2020,2020-09-02,Class I,Terminated,Emerald Fruit & Produce Inc,distributed in OR only.,"M60024CS Onions Red Whole Peeled sold by pound for foodservice use. Product is perishable, refrigerated, shelf life 5 days, and packed in 5 lbs. cello bags. No label was attached/…"
onion,F-1263-2020,2020-09-02,Class I,Terminated,Emerald Fruit & Produce Inc,distributed in OR only.,"M60023CS Onions Red Sliced sold by pound for foodservice use. Product is perishable, refrigerated, shelf life 5 days, and packed in 5 lbs. cello bags. No label was attached/provid…"
onion,F-1267-2020,2020-09-02,Class I,Terminated,Emerald Fruit & Produce Inc,distributed in OR only.,"M60064CS Onions White Sliced sold by pound for foodservice use. Product is perishable, refrigerated, shelf life 5 days, and packed in 5 lbs. cello bags. No label was attached/prov…"
onion,F-1264-2020,2020-09-02,Class I,Terminated,Emerald Fruit & Produce Inc,distributed in OR only.,"M60022CS Onions Red Diced sold by pound for foodservice use. Product is perishable, refrigerated, shelf life 5 days, and packed in 5 lbs. cello bags. No label was attached/provide…"
onion,F-1265-2020,2020-09-02,Class I,Terminated,Emerald Fruit & Produce Inc,distributed in OR only.,"Onions Red Whole Dry 5 lb. bag (item 78156) for food service use, shelf life 14 days, packed in 5 lbs. cello bag and stored in box - No label was attached/provided."
onion,F-1261-2020,2020-09-02,Class I,Terminated,Emerald Fruit & Produce Inc,distributed in OR only.,"M60025CS Onions Yellow Diced sold by pound for foodservice use. Product is perishable, refrigerated, shelf life 5 days, and packed in 5 lbs. cello bags. No label was attached/prov…"
onion,F-1256-2020,2020-09-02,Class I,Terminated,Progressive Produce LLC,"AZ, CA, NV and UT",Yellow Onions; Pacific Gold 50 Lb. SX Yellow onion w/PLU sticker Sold to consumers in bulk bins
onion,F-1268-2020,2020-09-02,Class I,Terminated,Emerald Fruit & Produce Inc,distributed in OR only.,"M60058CS Onions White Diced sold by pound for foodservice use. Product is perishable, refrigerated, shelf life 5 days, and packed in 5 lbs. cello bags. No label was attached/provi…"
onion,F-1270-2020,2020-09-02,Class I,Terminated,Emerald Fruit & Produce Inc,distributed in OR only.,"Onions Yellow Whole Dry 5 lb. bag (item 78155) for foodservice use. Shelf life 14 days, packed in 5 lbs. cello bag and stored in box - No label was attached/provided."
onion,F-1272-2020,2020-09-02,Class I,Terminated,"Thomson International, Inc.",Nationwide and Canada,"Red onions; Packed under brand names of Thomson Premium, Onions 52, Utah Onions, Harley's Best, Onions 52, Imperial Fresh, TLC Thomson International, El Competidor Thomson Premium…"
onion,F-1322-2020,2020-08-19,Class II,Terminated,San Francisco Street Bakery Inc.,distributed in WA only.,"Onion Bagel, San Francisco Street Bakery brand, keep at ambient temperature. Packaged in flex poly bags for bulk or various quantities specific to customer order. No UPC. The bage…"
onion,F-1066-2020,2020-07-22,Class II,Terminated,Fresh Express Incorporated,"Domestic: Midwestern states of AR, CT, DC, DE, IA, IL, IN, KS, KY, MA, MD, ME, MI, MN, MO, MT, NC, ND, NE, NH, NJ, NY, …","Fresh Express Gourmet Cafe Creative Classics Chopped Asian 6.25 oz., UPC 071279407111, Red and green cabbage, romaine lettuce, carrots & green onions"
orange,F-0581-2025,2025-03-05,Class II,Completed,Rajbhog Distributors TX Inc.,Texas,"Rajbhog Sweets Jelebi Orange, 9.5 oz packages and sold by weight from bulk trays."
orange,F-0059-2025,2024-10-30,Class II,Terminated,"Youngstown Grape Distributors, Inc.","CA, TX, WA, KY, NC, NY, IL, VA, AL, GA, KS, CT, MI, MA, PA, OH, MD, WI, ND, MO, TN, NE, KS, RI, MN, FL, SC, IN, NJ, IA,…","Happy Moose Juice Strawberry Field packaged in a plastic 12 fl. oz. bottle. Ingredients: Organic Apple Juice, Organic Orange Juice, Organic Strawberry Puree, Organic Beet Juice, O…"
orange,F-0058-2025,2024-10-30,Class II,Terminated,"Youngstown Grape Distributors, Inc.","CA, TX, WA, KY, NC, NY, IL, VA, AL, GA, KS, CT, MI, MA, PA, OH, MD, WI, ND, MO, TN, NE, KS, RI, MN, FL, SC, IN, NJ, IA,…","Happy Moose Juice Tropical Roots packaged in a plastic 12 fl. oz. bottle. Ingredients: Mandarin Orange, Organic Carrot Juice, Organic Pineapple Juice, Lemon Juice, and Organic Tur…"
orange,F-1409-2023,2023-08-23,Class III,Terminated,Dilettante Chocolates Inc,Distributed to firm's retail store locations in WA,"Dilettante Mocha Cafe brand L'Orange Dark Bulk Truffles, perishable, sold individual pieces out of retail display cases. The display placard declares milk in the ingredients state…"
orange,F-0762-2023,2023-05-03,Class II,Terminated,"Rajbhog Distributors, Inc","Dallas, Plano, Frisco, Irving, Sugarland and Austin Texas areas.",Rajbhog Sweets Orange Jalebi Net Weight: 10 oz. UPC 3542647018 packaged in a plastic container and in bulk sold by weight
orange,F-1004-2021,2021-09-15,Class I,Terminated,KBF INC,"New York, Maryland, Virginia, Pennsylvania, Connecticut, Massachusetts and Michigan",Banoful Top Orange Biscuit
orange,F-0749-2021,2021-07-07,Class I,Terminated,Marquis Worldwide Specialty Inc,"U.S. distribution to the following: CA, TX, and AZ. No foreign distribution.","Conah Organic Enoki Mushrooms; 200 g (7.05 oz.) clear package with orange bottom UPC 8 51511 00770 1 Distributed by: Marquis Worldwide Specialty Inc. City of Industry, CA 91748 Co…"
orange,F-0748-2021,2021-06-16,Class I,Terminated,RAINFIELD MARKETING GROUP,"U.S. distribution to the following: CA, TX, MD No foreign distribution.","Enoki Mushroom, 150g clear plastic bag with orange bottom; UPC 085412004020 Product of Korea Do no consume Raw Distributed by Rainfield Marketing Group"
oregano,F-1388-2022,2022-07-13,Class I,Terminated,OS Holding Inc,"Distributed in AZ, MN, and WI.","Organic Oregano Ground is packed in bulk 35 lbs. cases with food-grade poly bag that is labeled in parts: ""OREGONSPICE COMPANY***OG Oregano Ground***Net Wt 35 lb (15.89 kg)***1332…"
oregano,F-1403-2022,2022-07-13,Class I,Terminated,Pure Ground Ingredients,"U.S. distribution to the following: OR, WI, MD, CO. No foreign distribution.","Pure Ground Ingredients Organic Oregano Leaf Powder Item#: OREO-PW Weight: 35 LBS/15.89 kgs Processed and Packaged at Pure Ground Ingredients 2535 Business Parkway Minden, NV 8942…"
papaya,F-1314-2022,2022-06-22,Class II,Terminated,THISTLE HEALTH INC,"U.S. distribution to the following: CA, NV, OR, WA No foreign distribution.",Thistle Tropical Limeade Cold-Pressed Organic Juice watermelon pineapple lime strawberry papaya activated charcoal 32 FL OZ (355 mL) Keep Refrigerated Distributed By: Thistle Heal…
parmesan,H-0221-2026,2025-12-10,Class II,Terminated,Great Lakes Cheese Co Inc,"AL, AR, AZ, CA, CO, FL, GA, ID, IL, IN, KS, KY, LA, MN, MO, MS, NC, NE, NM, NV, NY, OK, OR, PA, SC, TN, TX, UT, VA, WA,…","Good & Gather Mozzarella & Parmesan shredded cheese blend, Fine Cut, 8 oz., individually packaged in a plastic bag, UPC 8523903856, 12/case"
parmesan,F-1010-2024,2024-03-06,Class I,Terminated,"Sargento Foods, Inc.","AZ, CA, FL, GA, IL, IN, MD, NC, NJ, NV, OH, RI, TX, WA, WI","Parmesan cheese packaged in the following configurations: 1. Sargento Fresh Grated Parmesan Cheese Pack Size 500/0.5 oz. Material #10000278, UPC 46100348659. 2. Sargento Part #101…"
parsley,H-0433-2026,2026-02-04,Class I,Completed,"SUPERFOODS, INC.","Nationwide, including Puerto Rico, Guam, and Virgin Islands; United Kingdom","Live it Up brand Super Greens; Chlorella, Spirulina, Wheatgrass, Kale, Broccoli, Spinach, Barley grass, Moringa, Parsley; Whole food dietary supplement powder; 30 day supply; NET …"
parsley,H-0434-2026,2026-02-04,Class I,Completed,"SUPERFOODS, INC.","Nationwide, including Puerto Rico, Guam, and Virgin Islands; United Kingdom","a.) Live it Up brand Super Greens; Natural Wild Berry Flavor; Chlorella, Spirulina, Wheatgrass, Kale, Broccoli, Spinach, Barley grass, Moringa, Parsley; Whole food dietary supplem…"
parsley,H-0174-2026,2025-11-19,Class I,Terminated,Pacific International Marketing,"AZ, CA, FL, GA, MN, MI, NV, OH","Carton Label: PACIFIC FRESH VEGETABLES PACIFIC INTERNATIONAL MARKETING SALINAS, CA 93912 Carton Sticker Label: Conv Italian Parsley 60 Ct Ctn Pacific Product of USA Distributed By…"
parsley,H-0177-2026,2025-11-19,Class I,Terminated,Pacific International Marketing,"AZ, CA, FL, GA, MN, MI, NV, OH","Carton Label: PACIFIC STRAIGHT FROM THE FIELDS FRESH HERBS 4/24 BUNCH ITALIAN PARSLEY BAGS PRODUCE OF U.S.A. PACIFIC INTERNATIONAL MARKETING SALINAS, CA 93912 Carton Sticker Label…"
parsley,H-0176-2026,2025-11-19,Class I,Terminated,Pacific International Marketing,"AZ, CA, FL, GA, MN, MI, NV, OH","Carton Label: PACIFIC FRESH VEGETABLES PACIFIC INTERNATIONAL MARKETING SALINAS, CA 93912 PRODUCE OF U.S.A. Sticker Label: Conv Italian Parsley 30 Ct Iceless Pacific Product of USA…"
parsley,H-0175-2026,2025-11-19,Class I,Terminated,Pacific International Marketing,"AZ, CA, FL, GA, MN, MI, NV, OH","Carton Label: PACIFIC FRESH VEGETABLES PACIFIC INTERNATIONAL MARKETING SALINAS, CA 93912 Carton Sticker Label: Conv Italian Parsley 60 Ct Iceless Pacific Product of USA Distribute…"
parsley,F-0013-2022,2021-10-20,Class II,Terminated,Dole Fresh Vegetables Inc,"U.S. distribution to the following: FL, IA, MI, MN, and MO No foreign distribution.",Bunches of curly parsley packed in cardboard cases received at distributor level with following labeling: Herb Parsley Curly Grown in Salinas 60EA x 60EA Bunch US or 30EA x 60EA B…
parsley,F-0037-2021,2020-10-28,Class I,Terminated,Red Monkey Foods Inc,Distributed the through retail stores nationwide.,"Dried Parsley packaged in the following ways: 1) World Market, Organic Parsley NET WT. 0.3 OZ (8.5 g), Distributed by Cost Plus, Inc., Alameda, CA UPC 2533 3251; 2) Organics, Orga…"
parsley,F-0034-2021,2020-10-28,Class I,Terminated,High Quality Organics,"CO, MN, CA, MO, WA,ME, NY, GA, OH, ID, TX and one customer in Canada","High Quality Organics Organic Parsley, Medium, Organic Parsley Fines 50 lbs. 25 lbs. 20 lbs. 0.25 lbs."
parsley,F-0039-2021,2020-10-28,Class I,Terminated,Sauer Brands Inc - SLO,nationwide and on line sales,The Spice Hunter Organic Parsley 0.23 oz. Jar UPC 8105701659 Case UPC 40081057016594
parsley,F-1310-2020,2020-09-02,Class II,Terminated,"Wegmans Food Markets, Inc.","VA, NJ, MD, PA, NC, NY","Seasoned Whole Bronzini; by the lb.; whole bronzini with lemon, parsley, and thyme; packaged in an oven ready tray; package size varies; keep refrigerated"
pear,H-0038-2026,2025-10-22,Class II,Completed,Pacific Coast Producers,"U.S. distribution: AL, AR, AZ, CA, FL, GA, IL, IN, KY, LA, ME, MO, MS, NE, NM, NV, NY, OH, OK, PA, SC, TX, UT, VA, WA, …","Fruit Cocktail IN 100% JUICE WITH ADDED INGREDIENTS; NET WT 15 OZ (425 g); Ingredients: Diced Peaches, Diced Pears, Water, Grapes, Peach Pulp and Juice, Pineapple Sectors, Pear Ju…"
pear,H-0040-2026,2025-10-22,Class II,Completed,Pacific Coast Producers,"U.S. distribution: AL, AR, AZ, CA, FL, GA, IL, IN, KY, LA, ME, MO, MS, NE, NM, NV, NY, OH, OK, PA, SC, TX, UT, VA, WA, …","Pears SLICED in Organic Pear Juice from Concentrate; NET WT 15 OZ (425 g); Ingredients: Organic Pears, Water, Organic Pear Juice Concentrate; Distributed By: Wegmans Food Markets,…"
pear,F-0855-2023,2023-05-17,Class II,Terminated,Windy Hill Chocolate LLC,Domestic consignee only.,Pear Almond
pecan,F-0465-2025,2025-02-12,Class II,Terminated,Pecan Star & Nut Corp.,"US States AL, FL, GA, KY, NC, SC, TN, VA.","Greenwise Organic Pecan Halves 8 ounce, plastic printed package marked with lot # 18228 and with a best by date of April.23.2025 stamped on front UPC: 041415212336"
pecan,F-1277-2024,2024-06-05,Class II,Terminated,Texas Pecan Co,"Product is sold online, in the firm's store and through a wholesaler in Texas.","1lb and 8oz bags include Apricots, Whole Dates, golden Raisins, Mangos, Currants, Blueberries, Cranberries, Prunes, Raw Sunflower Seeds, Raw Pumpkin Seeds, Pecan Medium Pieces, Bl…"
pecan,F-1278-2024,2024-06-05,Class II,Terminated,Texas Pecan Co,"Product is sold online, in the firm's store and through a wholesaler in Texas.","1lb and 8oz bags include Apricots, Whole Dates, golden Raisins, Mangos, Currants, Blueberries, Cranberries, Prunes, Raw Sunflower Seeds, Raw Pumpkin Seeds, Pecan Medium Pieces, Bl…"
pecan,F-1412-2023,2023-08-23,Class III,Terminated,Dilettante Chocolates Inc,Distributed to firm's retail store locations in WA,"Dilettante Mocha Cafe brand Praline Bulk Truffles, perishable, sold individual pieces out of retail display cases. The display placard declares milk, pecans, and almonds in the in…"
pecan,F-1415-2023,2023-08-23,Class III,Terminated,Dilettante Chocolates Inc,Distributed to firm's retail store locations in WA,"Dilettante Mocha Cafe brand Rheingold Milk Bulk Toffee, perishable, sold individual pieces out of retail display cases. The display placard declares milk, pecans, and almonds in t…"
pecan,F-1416-2023,2023-08-23,Class III,Terminated,Dilettante Chocolates Inc,Distributed to firm's retail store locations in WA,"Dilettante Mocha Cafe brand Rheingold White Bulk Toffee, perishable, sold individual pieces out of retail display cases. The display placard declares milk, pecans and hazelnuts in…"
pecan,F-1414-2023,2023-08-23,Class III,Terminated,Dilettante Chocolates Inc,Distributed to firm's retail store locations in WA,"Dilettante Mocha Cafe brand Rheingold Dark Bulk Toffees, perishable, sold individual pieces out of retail display cases. The display placard declares butter, pecans, and almonds i…"
pecan,F-0353-2023,2023-02-22,Class III,Terminated,Brittle Brothers LLC,TN,"Peanut Brittle, Cashew Brittle, Pecan Brittle, Bacon Brittle, Nashville Hot Brittle 5 oz, 8 oz, 16oz and bulk packaging"
pecorino,H-0372-2026,2026-01-14,Class I,Completed,"Ambriola Co., Inc., The","The recalled product was distributed to the following states: AZ, CA, CO, CT, DE, FL, GA, IL, IN, MA, ME, NJ, NY, OH, O…","Boar's Head Pecorino Romano Grated, 5-pound plastic bag (unit)"
pecorino,H-0370-2026,2026-01-14,Class I,Completed,"Ambriola Co., Inc., The","The recalled product was distributed to the following states: AZ, CA, CO, CT, DE, FL, GA, IL, IN, MA, ME, NJ, NY, OH, O…","Boar's Head Grated Pecorino Romano, 6 oz Plastic Cup & Lid, 12 units per case"
pickles,H-0328-2025,2025-07-30,Class II,Terminated,"Gedney Foods Product, LLC",MN,"Dill Pickles packaged under the following label: 1. Gedney Whole Pickles, item 15100, Net 32 fl oz. (1Qt)946mL. UPC 0 41660-00151 8. 2. Gedney Mini Munchers Kosher Dill, item 1710…"
pineapple,H-0452-2026,2026-02-11,Class I,Terminated,Everpress Juice,"The adulterated product was distributed the following states : AK,AZ CA, HI,ID,MT,NV,OR,UT,WA,AR,CO,IL,IN,LA,MN,MO,MS,N…","JUICE from the Raw, pineapple mint"
pineapple,H-0068-2026,2025-10-22,Class I,Terminated,WHOLESALE PRODUCE SUPPLY LLC DBA,"IA, IL, ND, NE, WI","Cut Fresh Fruit Mix. Contains: Cantaloupe, Honeydew, Pineapple, and Red Grapes. Keep Refrigerated. Packed under the following brands and sizes: 1. Fruit Mix CHPG (MCT) 1/5 lb. 2. …"
pineapple,H-0038-2026,2025-10-22,Class II,Completed,Pacific Coast Producers,"U.S. distribution: AL, AR, AZ, CA, FL, GA, IL, IN, KY, LA, ME, MO, MS, NE, NM, NV, NY, OH, OK, PA, SC, TX, UT, VA, WA, …","Fruit Cocktail IN 100% JUICE WITH ADDED INGREDIENTS; NET WT 15 OZ (425 g); Ingredients: Diced Peaches, Diced Pears, Water, Grapes, Peach Pulp and Juice, Pineapple Sectors, Pear Ju…"
pineapple,H-0063-2026,2025-10-22,Class I,Terminated,WHOLESALE PRODUCE SUPPLY LLC DBA,"IA, IL, ND, NE, WI","Cut Fresh Luau Blend Fruit Mix ""F&F"". 4/10 oz. Fresh & Finest. Contains: Cantaloupe, Honeydew, Pineapple, Red Grapes, Strawberry, Blueberry. Keep Refrigerated. UPC 0 70253-00572 5…"
pineapple,F-0058-2025,2024-10-30,Class II,Terminated,"Youngstown Grape Distributors, Inc.","CA, TX, WA, KY, NC, NY, IL, VA, AL, GA, KS, CT, MI, MA, PA, OH, MD, WI, ND, MO, TN, NE, KS, RI, MN, FL, SC, IN, NJ, IA,…","Happy Moose Juice Tropical Roots packaged in a plastic 12 fl. oz. bottle. Ingredients: Mandarin Orange, Organic Carrot Juice, Organic Pineapple Juice, Lemon Juice, and Organic Tur…"
pineapple,F-0584-2024,2023-12-20,Class I,Terminated,"Cut Fruit Express, Inc.","IL, MN, & WI","Mixed Fruit Products that contain Cantaloupe, Honeydew, and Pineapple, Identified with the following Item ID and Description. 1. 5094954 Fruit Mix CHP Diced 3/4"""" 4-5 lb. 2. 58930…"
pineapple,F-0672-2024,2023-12-13,Class I,Terminated,"FreshPoint Bix Produce Company, LLC","IA, MN, ND, WI","Bix Produce Item # 12217 Fruit, Chk Cant/Pine 1/2"" w/Grp, 5 lb. containing Cantaloupe, Pineapple, and Red Grapes. Keep Refrigerated. Manufactured and Distributed by: Bix Produce C…"
pineapple,F-0669-2024,2023-12-13,Class I,Terminated,"FreshPoint Bix Produce Company, LLC","IA, MN, ND, WI","Bix Produce Mixed Fruit with Grapes products containing Cantaloupe, Honeydew, Pineapple, and Red Grapes. Keep Refrigerated. Manufactured and Distributed by: Bix Produce Company, 3…"
pineapple,F-0616-2024,2023-12-13,Class I,Terminated,Market Cuts LLC,"IL, IN, MI, WI","(No brand) 10 oz Mix Pico de Gallo w/Pineapple 3/8"" 10 Ounce clamshell UPC 092538003233; Freshly Made Pico de Gallo w/Pineapple Mix 10 Ounce clamshell UPC 092538003233; Market Cut…"
pineapple,F-0610-2024,2023-12-13,Class I,Terminated,Market Cuts LLC,"IL, IN, MI, WI","Market Cuts 1 lb Pineapple Spear 1 Pound clamshell UPC 092538001239; Market Cuts 1 lb Pineapple Chunk 1""x1"" 1 Pound clamshell UPC 092538001284; Market Cuts Pineapple Chunk 1"" 2/5l…"
pineapple,F-0670-2024,2023-12-13,Class I,Terminated,"FreshPoint Bix Produce Company, LLC","IA, MN, ND, WI","Bix Produce Mixed Fruit products containing Cantaloupe, Honeydew, and Pineapple. Keep Refrigerated. Manufactured and Distributed by: Bix Produce Company, 3060 Centerville Road, Li…"
pineapple,F-1452-2023,2023-08-30,Class I,Terminated,"Freshy Foods, LLC","Facilities located in FL, LA, and MS","Team Fresh & Go: Pineapple Cup, packaged in 12oz plastic cup with lid. Packaged and sold as single unit."
pineapple,F-1269-2023,2023-07-26,Class I,Terminated,SunOpta Grains and Foods Inc.,Nationwide,"Good & Gather Mixed Fruit Blend Pineapple Chunks, Sliced Strawberries, Mango Chunks & Sliced Peaches. Net Wt 48 oz (3lb) 1.36kg. UPC 0 85239-04821 4. Keep Frozen. Dist. By Target …"
pineapple,F-1254-2023,2023-07-26,Class I,Terminated,"Scenic Fruit Company, LLC",Trader Joe s Organic Tropical Fruit Blend 16 oz. bags were distributed nationwide. Cadia Organic Pineapple 10oz. bags w…,"Trader Joe s Organic Tropical Fruit Blend Pineapple, Banana, Strawberry, Mango, SKU #051191, packaged in pillow bags. Each case consists of 24 bags and each bag is 16 oz. UPC on r…"
pineapple,F-1268-2023,2023-07-26,Class I,Terminated,SunOpta Grains and Foods Inc.,Nationwide,"Trader Joe's Organic Tropical Fruit Blend, Pineapple, Bananas, Strawberries & Mango. Net Wt. 16 oz (1 lb) 454g. UPC Keep Frozen."
pineapple,F-1255-2023,2023-07-26,Class I,Terminated,"Scenic Fruit Company, LLC",Trader Joe s Organic Tropical Fruit Blend 16 oz. bags were distributed nationwide. Cadia Organic Pineapple 10oz. bags w…,"Cadia - Organic Pineapple Frozen Fruit, packaged in stand-up pouch, net wt. 10oz. Each case consists of 12 bags. Product of Mexico. UPC on Retail Bag: 815369014540 UPC on Case: 10…"
pineapple,F-1267-2023,2023-07-26,Class I,Terminated,SunOpta Grains and Foods Inc.,Nationwide,"365 Whole Foods Market Organic Tropical Fruit Medley. Strawberries, Mangoes, Bannas & Pineapples. Net Wt 32 oz (2 lb) 907g. UPC 0 99482-45715 0. Keep Frozen. Distributed by: Whole…"
pineapple,F-1256-2023,2023-07-26,Class I,Terminated,SunOpta Grains and Foods Inc.,Nationwide,"Pineapple Chunks packaged under the following brand names and sizes. 1. 365 Whole Foods Market, Net Wt 16 oz (1 lb) 454g UPC 0 99482-40854 1. Keep Frozen. Distributed by: Whole Fo…"
pineapple,F-1266-2023,2023-07-26,Class I,Terminated,SunOpta Grains and Foods Inc.,Nationwide,"Good & Gather Mango Strawberry Blend. Whole Strawberries, Mango chunks & Pineapple Chunks. Net Wt 48 oz (3lb) 1.36kg, UPC 0 85239-04803 0. Keep Frozen. Dist. By Target Corp, Minne…"
pineapple,F-0970-2023,2023-06-07,Class I,Terminated,SunOpta Grains and Foods Inc.,OR,"Organic Pineapple Chunks, Item 4510-000, packed in 30 lb. poly-lined boxes."
pineapple,F-0103-2024,2023-03-22,Class I,Terminated,"FRESH IDEATION FOOD GROUP, LLC dba Fresh Creative Cuisine","The recalled product was distributed to the following states: MD, PA, DE, NY, DC, NJ, NC, CT, SC, VA, MA .","Fresh Creative Cuisine White Label, Fresh Cut Pineapple Chunks, Net . Wt. 7 Oz. Single Serving, Keep refrigerated"
pineapple,F-0538-2023,2023-03-22,Class I,Terminated,"FRESH IDEATION FOOD GROUP, LLC dba Fresh Creative Cuisine","The recalled product was distributed to the following states: MD, PA, DE, NY, DC, NJ, NC, CT, SC, VA, MA .","Fresh Creative Cuisine, Fresh Cut Pineapple Chunks, Net . Wt. 7 Oz. Single Serving, Keep refrigerated"
pineapple,F-0112-2024,2023-03-22,Class I,Terminated,"FRESH IDEATION FOOD GROUP, LLC dba Fresh Creative Cuisine","The recalled product was distributed to the following states: MD, PA, DE, NY, DC, NJ, NC, CT, SC, VA, MA .","Fresh Creative Cuisine White Label, Fruit Plate - Pineapple, Blackberry & Strawberries, Net Wt. 6 Oz. Single Serving, Keep refrigerated"
pineapple,F-0479-2023,2023-03-22,Class I,Terminated,"FRESH IDEATION FOOD GROUP, LLC dba Fresh Creative Cuisine","The recalled product was distributed to the following states: MD, PA, DE, NY, DC, NJ, NC, CT, SC, VA, MA .","Bistro To Go, Fresh Cut Pineapple Chunks, Net Wt. 7 Oz. Single Serving, Keep refrigerated"
pineapple,F-0104-2024,2023-03-22,Class I,Terminated,"FRESH IDEATION FOOD GROUP, LLC dba Fresh Creative Cuisine","The recalled product was distributed to the following states: MD, PA, DE, NY, DC, NJ, NC, CT, SC, VA, MA .","Quick & Fresh, Fresh Cut Pineapple Chunks, Net . Wt. 7 Oz. Single Serving, Keep refrigerated"
pineapple,F-0041-2023,2022-10-26,Class II,Terminated,Titusville Dairy Products Co.,Distributed to the recalling firm's direct consignee in PA.,Turner's Pineapple Whole Milk Cottage Cheese 5.3oz. (150g) UPC:3573300168
pineapple,F-1755-2022,2022-09-28,Class II,Terminated,"Russ Davis Wholesale, LLC","IA, MI, MN, ND, SD, WI","Strawberry & Pineapple. Packaged in the following brands and sizes: 1. Item 80640. Net Wt. 14 oz. Crazy Fresh 2. Item 80868. Net Wt 20 oz. Crazy Fresh, quick & easy, and grocery s…"
pineapple,F-1765-2022,2022-09-28,Class II,Terminated,"Russ Davis Wholesale, LLC","IA, MI, MN, ND, SD, WI","Deluxe Fruit Bowl. Contains Pineapple, Cantaloupe, Honeydew, Watermelon, Kiwi, Strawberry. Keep Refrigerated. Item 80935. Net Wt. 3.5 lb. Packed under brands: Crazy Fresh, quick &…"
pineapple,F-1766-2022,2022-09-28,Class II,Terminated,"Russ Davis Wholesale, LLC","IA, MI, MN, ND, SD, WI","Fruit Tray. Contains Honeydew, Pineapple, Cantaloupe, Red Grapes, Strawberry. Keep Refrigerated. Item 80902. Net Wt. 4 lb. Packed under brands: Crazy Fresh, quick & easy, and groc…"
pineapple,F-1752-2022,2022-09-28,Class II,Terminated,"Russ Davis Wholesale, LLC","IA, MI, MN, ND, SD, WI","5 Fruit Blend. Contains: Cantaloupe, Honeydew, Pineapple, Red Grapes, Strawberries. Packaged in the following brands and sizes: 1. Item 80520. Net Wt. 14 oz. Crazy Fresh 2. Item 8…"
pineapple,F-1415-2022,2022-07-20,Class II,Terminated,Fruselva America SPA,"The firm only distribute only to their stores; MA, ME, NH, NY, VT, MD, PA, WV","Nature s Promise Organic Mango, Banana, Kale, Rice & Pineapple Baby Food, 3.5 oz (99 g), Pouch, Case pack of 12 (12 inners of 6 each). Store in a dry ventilated area. Do not expos…"
pineapple,F-1314-2022,2022-06-22,Class II,Terminated,THISTLE HEALTH INC,"U.S. distribution to the following: CA, NV, OR, WA No foreign distribution.",Thistle Tropical Limeade Cold-Pressed Organic Juice watermelon pineapple lime strawberry papaya activated charcoal 32 FL OZ (355 mL) Keep Refrigerated Distributed By: Thistle Heal…
pineapple,F-0971-2022,2022-04-13,Class I,Terminated,"Fruit Fresh Up, Inc.","NY, MA, PA",1. Wegmans 32oz Pineapple Spears 2. Fresh Harvest 18oz Pineapple Spears 3. Fresh Harvest 6# Pine Bucket 4. Tops Small Pineapple 5. Lexington Co-op 10oz Pineapple chunks 6. Lexingt…
pineapple,F-0837-2022,2022-03-16,Class II,Terminated,"Chicago Sweet Connections, Inc.",Retail locations in IL and WI,Chicago Sweet Connections: Paczkis - Pineapple Flavor packaged in a clear plastic clamshell 4 pack
pineapple,F-0107-2021,2020-11-18,Class I,Terminated,Meijer Inc./Traffic Dept.,"Meijer stores in Michigan, Ohio, Indiana, Illinois, Kentucky and Wisconsin.","FRESH FROM MEIJER GS STRAWBERRY/PINEAPPLE CUP 6 OZ, 6oz Clear plastic container, UPC 219711302291"
pistachio,H-0357-2026,2026-01-14,Class I,Ongoing,"Sam Dry Fruits and Nuts Enterprises, Inc",U.S. Distribution: None Foreign Distribution: Canada,Sam Dry Fruits & Nuts PISTACHIO Meats Whole LOT #: PK00459 NET WEIGHT: 30 LBS PACK DATE: AUGUST/2025 EXPIRATION DATE: AUGUST/2027
pistachio,F-1317-2023,2023-08-09,Class II,Terminated,"Houston Pecan Company, Inc",Texas and internet sales,Pistachios Halves & Pieces packaged in 5 pound bags; Pistachios Roasted & Salted packaged in 5 pound bags; Pistachios Raw packaged in 5 pound bags
pistachio,F-0856-2023,2023-05-17,Class II,Terminated,Windy Hill Chocolate LLC,Domestic consignee only.,Pistachio
raspberry,F-1407-2023,2023-08-23,Class III,Terminated,Dilettante Chocolates Inc,Distributed to firm's retail store locations in WA,"Dilettante Mocha Cafe brand Dark Raspberry Bulk Truffles, perishable, sold individual pieces out of retail display cases. The display placard declares cream and butter in the ingr…"
raspberry,F-1235-2023,2023-07-19,Class I,Terminated,Oregon Potato Company,"All products distributed in AR, AZ, CA, CO, HI, IA, ID, IL, IN, KS, KY, LA, MD, MI, MN, MO, MT, ND, NE, NV, NY, OH, OK,…","Rader Farms Organic Berry Trio Strawberry, Blackberry, Raspberry. Item # 105872. Frozen, packed into flexible plastic bags. Net wt. 3lbs. UPC on retail bag: 8 84038 85143 4. A tot…"
raspberry,F-0857-2023,2023-05-17,Class II,Terminated,Windy Hill Chocolate LLC,Domestic consignee only.,Raspberry
raspberry,F-0081-2023,2022-11-09,Class II,Ongoing,Kabobs Acquisition Inc.,Product was shipped to one distributor in Georgia,BRIE EN CROUTE WITH RASPBERRY
raspberry,F-1763-2022,2022-09-28,Class II,Terminated,"Russ Davis Wholesale, LLC","IA, MI, MN, ND, SD, WI","Four Berry Blend containing Strawberry, Blackberry, Blueberry, Raspberry. Keep Refrigerated. Item 80847. Net Wt. 12 oz. packaged in the following brands: .Crazy Fresh, quick & eas…"
raspberry,F-0839-2022,2022-03-16,Class II,Terminated,"Chicago Sweet Connections, Inc.",Retail locations in IL and WI,Chicago Sweet Connections: Paczkis - Raspberry Flavor packaged in a clear plastic clamshell 4 pack
raspberry,F-0905-2020,2020-04-01,Class III,Terminated,"Organic By Nature, Inc.","nationwide, Canada and Netherlands",Touchstone Essentials Super Greens Juice - Raspberry Apple; Premium Organic Superfood Juice Powder: Whole Food Dietary Supplement; Net Wt. 10.5 oz. (300 g) Plastic Bottle; Finishe…
red-leaf-lettuce,F-1065-2020,2020-07-22,Class II,Terminated,Fresh Express Incorporated,"Domestic: Midwestern states of AR, CT, DC, DE, IA, IL, IN, KS, KY, MA, MD, ME, MI, MN, MO, MT, NC, ND, NE, NH, NJ, NY, …","Fresh Express Farmer's Garden 9 oz., UPC 071279281025, Butter & red leaf lettuce, grape tomatoes, carrots & radishes"
red-onion,F-0330-2025,2025-01-08,Class II,Terminated,Gracie's Kitchens Inc.,CT and NY,a.) King Kullen brand Diced Red Onion; UPC: 85316-10086; 12 oz plastic container b.) Wild By Nature brand Diced Red Onion; UPC: 85316-10086; 12 oz plastic container c.) Gracie's K…
red-onion,F-0350-2024,2023-11-15,Class I,Terminated,"Gills Onions, LLC","Distributors in Canada AB, BC, NB, NS, ON; and the United States AZ, CA, CO, CT, FL, GA, IA, ID, IL, IN, KY, LA, MA, MD…","Gills Onions 4/5 LB CTN FRESH 3/8"" DICED RED ONIONS WITH ZIPPER"
red-onion,F-0334-2024,2023-11-15,Class I,Terminated,"Gills Onions, LLC","Distributors in Canada AB, BC, NB, NS, ON; and the United States AZ, CA, CO, CT, FL, GA, IA, ID, IL, IN, KY, LA, MA, MD…","Cross Valley Farms 1/5LB CTN FRESH 1/4"" DICED RED ONIONS W/ZIP"
red-onion,F-0348-2024,2023-11-15,Class I,Terminated,"Gills Onions, LLC","Distributors in Canada AB, BC, NB, NS, ON; and the United States AZ, CA, CO, CT, FL, GA, IA, ID, IL, IN, KY, LA, MA, MD…","Gills Onions 4/5 LB CTN FRESH 1/4"" DICED RED ONIONS W/ZIPPER"
red-onion,F-0367-2024,2023-11-15,Class I,Terminated,"Gills Onions, LLC","Distributors in Canada AB, BC, NB, NS, ON; and the United States AZ, CA, CO, CT, FL, GA, IA, ID, IL, IN, KY, LA, MA, MD…","Imperial Fresh 2/5 LB CTN FRSH 3/8"" DICED RED ONIONS W/ZIPPER"
red-onion,F-0371-2024,2023-11-15,Class I,Terminated,"Gills Onions, LLC","Distributors in Canada AB, BC, NB, NS, ON; and the United States AZ, CA, CO, CT, FL, GA, IA, ID, IL, IN, KY, LA, MA, MD…","Imperial Fresh 2/5 LB CTN FRESH 3/16"" SLVERED RED ONIONS SYSCO"
red-onion,F-0368-2024,2023-11-15,Class I,Terminated,"Gills Onions, LLC","Distributors in Canada AB, BC, NB, NS, ON; and the United States AZ, CA, CO, CT, FL, GA, IA, ID, IL, IN, KY, LA, MA, MD…","Imperial Fresh 1/5 LB CTN FRSH 1/4"" SLVRD RED ONIONS W/ZIPPER"
red-onion,F-0369-2024,2023-11-15,Class I,Terminated,"Gills Onions, LLC","Distributors in Canada AB, BC, NB, NS, ON; and the United States AZ, CA, CO, CT, FL, GA, IA, ID, IL, IN, KY, LA, MA, MD…","Imperial Fresh 2/5 LB CTN FRESH 1/8"" SLIVERED RED ONIONS W/ZIPPER"
red-onion,F-0393-2024,2023-11-15,Class I,Terminated,"Gills Onions, LLC","Distributors in Canada AB, BC, NB, NS, ON; and the United States AZ, CA, CO, CT, FL, GA, IA, ID, IL, IN, KY, LA, MA, MD…","Ready Set Serve 2/5LB CTN FRESH 1/4"" DICED RED ONIONS W/ZIPPER"
red-onion,F-0386-2024,2023-11-15,Class I,Terminated,"Gills Onions, LLC","Distributors in Canada AB, BC, NB, NS, ON; and the United States AZ, CA, CO, CT, FL, GA, IA, ID, IL, IN, KY, LA, MA, MD…","PEAK 2/5 LB CTN FRESH 1/4"" DICED RED ONIONS W/ZIP"
red-onion,F-0352-2024,2023-11-15,Class I,Terminated,"Gills Onions, LLC","Distributors in Canada AB, BC, NB, NS, ON; and the United States AZ, CA, CO, CT, FL, GA, IA, ID, IL, IN, KY, LA, MA, MD…","Gills Onions 4/5 LB CTN FRESH 1/8"" SLIVERED RED ONIONS W/ZIPPER"
red-onion,F-0351-2024,2023-11-15,Class I,Terminated,"Gills Onions, LLC","Distributors in Canada AB, BC, NB, NS, ON; and the United States AZ, CA, CO, CT, FL, GA, IA, ID, IL, IN, KY, LA, MA, MD…","Gills Onions 2/5 LB CTN FRESH 1/8"" SLIVERED RED ONIONS W/ZIPPER"
red-onion,F-0370-2024,2023-11-15,Class I,Terminated,"Gills Onions, LLC","Distributors in Canada AB, BC, NB, NS, ON; and the United States AZ, CA, CO, CT, FL, GA, IA, ID, IL, IN, KY, LA, MA, MD…","Imperial Fresh 4/5 LB CTN FRESH 1/8"" SLIVERED RED ONIONS W/ZIP"
red-onion,F-0387-2024,2023-11-15,Class I,Terminated,"Gills Onions, LLC","Distributors in Canada AB, BC, NB, NS, ON; and the United States AZ, CA, CO, CT, FL, GA, IA, ID, IL, IN, KY, LA, MA, MD…","PEAK 4/5 LB CTN FRESH 1/4"" DICED RED ONIONS W/ZIPPER"
red-onion,F-0335-2024,2023-11-15,Class I,Terminated,"Gills Onions, LLC","Distributors in Canada AB, BC, NB, NS, ON; and the United States AZ, CA, CO, CT, FL, GA, IA, ID, IL, IN, KY, LA, MA, MD…","Cross Valley Farms 2/5 LB CTN FRESH 1/4"" DICED RED ONION W/ZIP"
red-onion,F-0333-2024,2023-11-15,Class I,Terminated,"Gills Onions, LLC","Distributors in Canada AB, BC, NB, NS, ON; and the United States AZ, CA, CO, CT, FL, GA, IA, ID, IL, IN, KY, LA, MA, MD…","Gills Onions 8 oz cups, diced red onions"
red-onion,F-0364-2024,2023-11-15,Class I,Terminated,"Gills Onions, LLC","Distributors in Canada AB, BC, NB, NS, ON; and the United States AZ, CA, CO, CT, FL, GA, IA, ID, IL, IN, KY, LA, MA, MD…","Imperial Fresh 1/5 LB CTN FRESH 1/4"" DICED RED ONIONS W/ZIPPER SYSCO"
red-onion,F-0336-2024,2023-11-15,Class I,Terminated,"Gills Onions, LLC","Distributors in Canada AB, BC, NB, NS, ON; and the United States AZ, CA, CO, CT, FL, GA, IA, ID, IL, IN, KY, LA, MA, MD…","Cross Valley Farms 2/5 LB CTN FRESH 3/8"" DICED RED ONIONS W/ZIPPER"
red-onion,F-0365-2024,2023-11-15,Class I,Terminated,"Gills Onions, LLC","Distributors in Canada AB, BC, NB, NS, ON; and the United States AZ, CA, CO, CT, FL, GA, IA, ID, IL, IN, KY, LA, MA, MD…","Imperial Fresh 2/5 LB CTN FRSH 1/4"" DICED RED ONIONS W/ZIPPER SYSCO 3295219"
red-onion,F-0347-2024,2023-11-15,Class I,Terminated,"Gills Onions, LLC","Distributors in Canada AB, BC, NB, NS, ON; and the United States AZ, CA, CO, CT, FL, GA, IA, ID, IL, IN, KY, LA, MA, MD…","Gills Onions 1/5 LB CTN FRESH 1/4"" DICED RED ONIONS W/ZIPPER"
red-onion,F-0349-2024,2023-11-15,Class I,Terminated,"Gills Onions, LLC","Distributors in Canada AB, BC, NB, NS, ON; and the United States AZ, CA, CO, CT, FL, GA, IA, ID, IL, IN, KY, LA, MA, MD…","Gills Onions 2/5 LB CTN FRESH 3/8"" DICED RED ONIONS WITH ZIPPER"
red-onion,F-0008-2023,2022-10-12,Class I,Completed,Renaissance Food Group,"Products were shipped to the following states: Alabama, Georgia & South Carolina.","Diced Red Onion, NET WT, 10 OZ (283g), Dist. By: Renaissance Food Group LLC 4322 Moreland Ave. Conley, GA 30288, UPC, 8 26766 18100 1"
red-onion,F-0227-2022,2021-12-08,Class I,Terminated,"Alsum Farms & Produce, Inc.","IL, MI, PA, WI","Alsum Farms & Produce Whole Red onions packaged in 2lb. (907g) bags, UPC 39186-60101 Produce of Mexico. Packed by Alsum Farms & Product, Inc., Friesland, WI 53935."
red-onion,F-0228-2022,2021-12-08,Class I,Terminated,Onions 52,"Nationwide, NE, TN, TX.","5# (LB) Ctn (box) Jumbo Red Onions, Product of Mexico - Label Imperial Fresh Distributed by Carzalia Valley Produce, Columbus, NM. UPC 1039494. Imported from Chihuahua, Mexico, so…"
red-onion,F-0229-2022,2021-12-08,Class I,Terminated,Onions 52,"Nationwide, NE, TN, TX.","12 count per 2 lb. mesh sacks with UPC 033383 601014 Medium Red Onions Product of Mexico Farm Fresh Label Distributed by Onions 52 Carrollton, TX. 12 count per 3 lb. mesh sacks wi…"
red-onion,F-0116-2022,2021-11-10,Class I,Terminated,POTANDON PRODUCE LLC,Distributed in ND and MN.,"Green Giant Fresh whole RED onions in 2 lbs. flexible mesh bags, (18/2 lb. pkg per case) - UPC 60580600248-9."
red-onion,F-0111-2022,2021-11-10,Class I,Terminated,ProSource Produce LLC,"Distributed in AL, AR, AZ, CA, CO, CT, FL, GA, IA, ID, IL, IN, KS, KY, LA, MA, MD, MI, MN, MO, MS, NC, NE, NJ, NM, NY, …","Whole raw RED onions are imported from Chihuahua of MEXICO. Products are packaged in 50 lb., 25 lb., 10 lb., 5 lb., 3 lb., and 2 lb. mesh sacks and in 50 lb., 40 lb., 25 lb., 10 l…"
red-onion,F-1436-2020,2020-09-23,Class I,Terminated,Lancaster Foods LLC,"Bulk Product distributed PA,AR,MD,MA,VA,DE,CT to various retailers.","Red Onions, Bulk"
red-onion,F-1365-2020,2020-09-09,Class I,Terminated,Giant Eagle,"Product was produced and sold in Giant Eagle and Market District locations in IN, OH, MD, WV and PA.",Sub Shop-Red Onions. Expiration 7/31/2020. Ingredients raw red onion.
red-onion,F-1255-2020,2020-09-02,Class I,Terminated,Progressive Produce LLC,"AZ, CA, NV and UT",Red Onions; Pacific Gold 25 Lb. RED Onion JBO - Pacific Gold w/plu 50 lb. SX Red Onion JBO US #1 Sold to consumers in bulk pins. in bulk bins
red-onion,F-1272-2020,2020-09-02,Class I,Terminated,"Thomson International, Inc.",Nationwide and Canada,"Red onions; Packed under brand names of Thomson Premium, Onions 52, Utah Onions, Harley's Best, Onions 52, Imperial Fresh, TLC Thomson International, El Competidor Thomson Premium…"
romaine-lettuce,F-1423-2023,2023-08-23,Class II,Ongoing,G.O. Corporation,"IA, MN, ND, WI","Romaine lettuce packaged into the following configurations and sizes: 1. Lettuce Romaine Shred, Produce Code 720325, 4-2.5lb. bags per shipping case, Customer UPC 9120457. 2. Roma…"
romaine-lettuce,F-1398-2023,2023-08-16,Class II,Terminated,"C&E Farms, Inc.","U.S. distribution to: MI, MA, UT, CA, TX, IL, MD. No foreign distribution.",Romaine lettuce packed in bulk 45-lb mini-bins
romaine-lettuce,F-1289-2023,2023-07-26,Class II,Terminated,"C&E Farms, Inc.",Product was distributed to MA and MN,Romaine lettuce packed in bulk 45 pound mini-bins
romaine-lettuce,F-1013-2023,2023-07-12,Class II,Terminated,G.O. Corporation,"IA, MN, ND, WI","Romaine lettuce, packaged into the following configurations and sizes: 1. Medium, Produce Code 720832, 6-2lb per shipping case. 2. Medium, Produce Code 720840, 10-2lb per shipping…"
romaine-lettuce,F-0824-2023,2023-05-17,Class I,Terminated,Caledonia Facility of Revolution Farms LLC,"MI, OH, WI",Revolution Farms Robust Romaine plastic 5oz Retail container UPC 856791008035 and 3lb bulk clear poly bag UPC 856791008127 Revolution Farms Romaine Lettuce Boats plastic 5oz Retai…
romaine-lettuce,F-0172-2023,2022-11-30,Class I,Terminated,Kalera Public Limited Company,Domestic distribution only.,"Living Hydroponic Baby Romaine Lettuce (10lbs)(04071) Kalera, Distributed by Kalera, Inc., Orlando, FL 32822 (Bulk)"
romaine-lettuce,F-0145-2021,2020-12-09,Class I,Terminated,Tanimura & Antle,"AK, OR, CA, TX, WI, AR, OK, IN, NE, MO, TN, WI, NM, SC, WA, NC, OH, PR, IL, MI","Tanimura & Antle brand Romaine lettuce. 1 head 12,15,018 and 24 case Product of USA UPC: 2-27918 20314-9 Tanimura & Antle, Salinas, CA"
romaine-lettuce,F-1068-2020,2020-07-22,Class II,Terminated,Fresh Express Incorporated,"Domestic: Midwestern states of AR, CT, DC, DE, IA, IL, IN, KS, KY, MA, MD, ME, MI, MN, MO, MT, NC, ND, NE, NH, NJ, NY, …","Fresh Express Gourmet Cafe Creative Classics Turkey & Bacon Chef 5.75 oz.,UPC 071279407081, Iceberg & romaine lettuce, carrots & red cabbage"
romaine-lettuce,F-1069-2020,2020-07-22,Class II,Terminated,Fresh Express Incorporated,"Domestic: Midwestern states of AR, CT, DC, DE, IA, IL, IN, KS, KY, MA, MD, ME, MI, MN, MO, MT, NC, ND, NE, NH, NJ, NY, …","Fresh Express Green & Crisp / Verde y Crujiente 11 oz., UPC 071279108049, (Canada UPC) 0 71279 10813 1, Iceberg & romaine lettuce, carrots & red cabbage"
romaine-lettuce,F-1074-2020,2020-07-22,Class II,Terminated,Fresh Express Incorporated,"Domestic: Midwestern states of AR, CT, DC, DE, IA, IL, IN, KS, KY, MA, MD, ME, MI, MN, MO, MT, NC, ND, NE, NH, NJ, NY, …","Fresh Express Lettuce Trio / Lechuga Trio 9 oz., UPC 071279108094, Iceberg, romaine lettuce & green leaf lettuce"
romaine-lettuce,F-1093-2020,2020-07-22,Class II,Terminated,Fresh Express Incorporated,"Domestic: Midwestern states of AR, CT, DC, DE, IA, IL, IN, KS, KY, MA, MD, ME, MI, MN, MO, MT, NC, ND, NE, NH, NJ, NY, …","Giant Eagle Life s Getting Fresher Fresh Italian Blend 9 oz., UPC 030034923112, Romaine lettuce & red cabbage"
romaine-lettuce,F-1066-2020,2020-07-22,Class II,Terminated,Fresh Express Incorporated,"Domestic: Midwestern states of AR, CT, DC, DE, IA, IL, IN, KS, KY, MA, MD, ME, MI, MN, MO, MT, NC, ND, NE, NH, NJ, NY, …","Fresh Express Gourmet Cafe Creative Classics Chopped Asian 6.25 oz., UPC 071279407111, Red and green cabbage, romaine lettuce, carrots & green onions"
romaine-lettuce,F-1064-2020,2020-07-22,Class II,Terminated,Fresh Express Incorporated,"Domestic: Midwestern states of AR, CT, DC, DE, IA, IL, IN, KS, KY, MA, MD, ME, MI, MN, MO, MT, NC, ND, NE, NH, NJ, NY, …","Fresh Express Fancy Greens 7 oz., UPC 071279232010, Romaine lettuce, green tango, radicchio & carrots"
romaine-lettuce,F-1091-2020,2020-07-22,Class II,Terminated,Fresh Express Incorporated,"Domestic: Midwestern states of AR, CT, DC, DE, IA, IL, IN, KS, KY, MA, MD, ME, MI, MN, MO, MT, NC, ND, NE, NH, NJ, NY, …","Giant Eagle Life s Getting Fresher Fresh American Blend 11 oz., UPC 030034923105, Iceberg & romaine lettuce, carrots, red cabbage & radish"
romaine-lettuce,F-1067-2020,2020-07-22,Class II,Terminated,Fresh Express Incorporated,"Domestic: Midwestern states of AR, CT, DC, DE, IA, IL, IN, KS, KY, MA, MD, ME, MI, MN, MO, MT, NC, ND, NE, NH, NJ, NY, …","Fresh Express Gourmet Cafe Creative Classics Mediterranean 5.12 oz., UPC 071279407142, Red cabbage & romaine lettuce"
romaine-lettuce,F-1075-2020,2020-07-22,Class II,Terminated,Fresh Express Incorporated,"Domestic: Midwestern states of AR, CT, DC, DE, IA, IL, IN, KS, KY, MA, MD, ME, MI, MN, MO, MT, NC, ND, NE, NH, NJ, NY, …","Fresh Express Premium Romaine / Lechuga Romana Especial 9 oz., UPC 071279108087, Romaine lettuce, carrots & red cabbage"
romaine-lettuce,F-1081-2020,2020-07-22,Class II,Terminated,Fresh Express Incorporated,"Domestic: Midwestern states of AR, CT, DC, DE, IA, IL, IN, KS, KY, MA, MD, ME, MI, MN, MO, MT, NC, ND, NE, NH, NJ, NY, …","Fresh Express Veggie Lover's 11 oz., UPC 071279281001, (Canada UPC) 0 71279 28106 3, Iceberg & romaine lettuce, carrots, pea pods, red cabbage & radishes"
romaine-lettuce,F-1073-2020,2020-07-22,Class II,Terminated,Fresh Express Incorporated,"Domestic: Midwestern states of AR, CT, DC, DE, IA, IL, IN, KS, KY, MA, MD, ME, MI, MN, MO, MT, NC, ND, NE, NH, NJ, NY, …","Fresh Express Italian 9 oz., UPC 071279211008, Romaine lettuce & red cabbage"
rosemary,F-0214-2024,2023-03-22,Class I,Terminated,"FRESH IDEATION FOOD GROUP, LLC dba Fresh Creative Cuisine","The recalled product was distributed to the following states: MD, PA, DE, NY, DC, NJ, NC, CT, SC, VA, MA .","Quick & Fresh, Rosemary Ham, Brie & Fig Ficelle, Net . Wt. 6.5 Oz. Single Serving, Keep refrigerated"
salmon-skin-on-fillet,H-0032-2026,2025-10-22,Class I,Terminated,"D & M Smoked Fish, Inc.","NY, NJ, PA, WA, CA, IL, FL",Haifa COLD SMOKED SALMON 8 OZ.
salmon-skin-on-fillet,F-0708-2023,2023-04-19,Class I,Terminated,Seven Seas International USA LLC,Domestic distribution only.,Biltmore Smoked Sockeye Salmon - 4 oz
salmon-skin-on-fillet,F-0243-2022,2021-12-15,Class I,Terminated,Oregon Lox Company,"distributed in AK, CA, OR, and WA.","Aqua Nova - Sliced Nova Lox, Oregon Cold Smoked Salmon, net wt. 3 oz. UPC 008603001608. Aqua Nova -Sliced Nova Lox, Oregon Cold Smoked Salmon, net wt. 1 lb. UPC 008603001400. Aqua…"
salmon-skin-on-fillet,F-1009-2021,2021-09-29,Class II,Terminated,Seabear Company,"distributed in AZ, CA, and GA.","Banquet Cut European Style Cold Smoked Salmon, Item Number 2-92845, brand Gerard and Dominique Seafoods, packaged in pouch, net wt. per pouch is random, frozen, UPC of pouch: 2 92…"
salmon-skin-on-fillet,F-1005-2021,2021-09-22,Class I,Terminated,Loki Fish Company - Office,distributed in Oregon and Washington.,"Loki Fish Wild Keta Salmon Lox, packaged in a 4 oz. plastic pouch, sliced on a coated board, 24 packages to a case. UPC 92103 00111. The label is read in parts: LOKI FISH *** WILD…"
salmon-skin-on-fillet,F-0714-2021,2021-06-30,Class I,Terminated,Banner Smoked Fish Inc.,"NY, NJ, IL, PA, CA, FL, NE, AZ, MA, MD, VA, NV, OR, WI, NC, SC, and GA area.","Banner Smoked Fish Inc. brand Sliced Gravlax (Salmon (fish), Salt, Sugar, Dill, Pepper, Sodium Nitrite)"
salmon-skin-on-fillet,F-0713-2021,2021-06-30,Class I,Terminated,Banner Smoked Fish Inc.,"NY, NJ, IL, PA, CA, FL, NE, AZ, MA, MD, VA, NV, OR, WI, NC, SC, and GA area.","Banner Smoked Fish Inc. brand Sliced Gravad Lox (Salmon, Salt, Dill weed, Pepper, Natural Hardwood Smoke, Sodium Nitrite)"
salmon-skin-on-fillet,F-0710-2021,2021-06-30,Class I,Terminated,Banner Smoked Fish Inc.,"NY, NJ, IL, PA, CA, FL, NE, AZ, MA, MD, VA, NV, OR, WI, NC, SC, and GA area.","Benz's Kansas City BBQ Pre-Sliced Smoked Salmon (Farm raised Atlantic Salmon (astaxanthin color added to feed), spices, salt, sugar, natural hardwood smoke, sodium nitrite)"
salmon-skin-on-fillet,F-0707-2021,2021-06-30,Class I,Terminated,Banner Smoked Fish Inc.,"NY, NJ, IL, PA, CA, FL, NE, AZ, MA, MD, VA, NV, OR, WI, NC, SC, and GA area.","a.) Banner Smoked Fish Inc. brand Sliced Smoked Scotch Style Salmon (Salmon, Salt, Sugar, Natural Wood Smoke, Sodium Nitrite) b.) Banner Smoked Fish Inc. brand Naturally Smoked No…"
salmon-skin-on-fillet,F-0711-2021,2021-06-30,Class I,Terminated,Banner Smoked Fish Inc.,"NY, NJ, IL, PA, CA, FL, NE, AZ, MA, MD, VA, NV, OR, WI, NC, SC, and GA area.","a.) Banner Smoked Fish Inc. brand Finest Sliced (Salty) Lox (Salmon, Salt) b.) Banner Smoked Fish Inc. brand Whole (Salty) Lox; Ingredients: Salmon (fish), Salt c.) Chile Lox (Sal…"
salmon-skin-on-fillet,F-0708-2021,2021-06-30,Class I,Terminated,Banner Smoked Fish Inc.,"NY, NJ, IL, PA, CA, FL, NE, AZ, MA, MD, VA, NV, OR, WI, NC, SC, and GA area.","a.) Banner Smoked Fish Inc. Sliced Pastrami Style Nova (Salmon (fish), Salt, Sugar, Spices, Sodium Nitrite, Natural Wood Smoke) b.) Benzs brand Gourmet Smoked-Sliced Pastrami Styl…"
salmon-skin-on-fillet,F-0709-2021,2021-06-30,Class I,Terminated,Banner Smoked Fish Inc.,"NY, NJ, IL, PA, CA, FL, NE, AZ, MA, MD, VA, NV, OR, WI, NC, SC, and GA area.","Benzs brand Everything Bagel Spice Pre-Sliced Smoked Salmon (Farm raised Atlantic Salmon (astaxanthin color added to feed), spices, salt, sugar, natural hardwood smoke, sodium nit…"
salmon-skin-on-fillet,F-0716-2021,2021-06-30,Class I,Terminated,Banner Smoked Fish Inc.,"NY, NJ, IL, PA, CA, FL, NE, AZ, MA, MD, VA, NV, OR, WI, NC, SC, and GA area.","Raskin s brand Smoked Fish Pepper Crusted Sliced Nova (Farm raised Atlantic Salmon, black pepper, salt, sugar, sodium nitrite, natural hardwood smokead"
salmon-skin-on-fillet,F-1163-2020,2020-08-12,Class II,Terminated,"Topway Enterprises, Inc","TX, Louisiana, Mississippi, Florida, Tennessee",Salmon cut and packaged in Styrofoam case approximately 19 kg per case
salmon-skin-on-fillet,F-0891-2020,2020-04-15,Class I,Terminated,MIN JIANG FOOD STORE INC DBA KOI KOI TRADING,Southern CA only,"Fresh Salmon; Brand names : Bakka, Superior, Scottish Canada, Ocean Quality, Norway. Refrigerate Unit size: 10-12 lbs., 14-16 lbs., 16-18 lbs., 18-20 lbs,; packed in Styrofoam box…"
shrimp,H-1010-2026,2026-06-10,Class III,Terminated,Albertsons Companies LLC,Nationwide.,UPC 23070400000 SHRIMP SKEWER MEDIUM RAW CILANTRO LIME This is Albertson's store-made item and sold by random weight at point of sale with grocery store's scale label.
shrimp,H-1000-2026,2026-06-10,Class II,Terminated,Albertsons Companies LLC,Nationwide.,UPC 23245700000 SHRIMP & SURIMI CEVICHE FRESH This is Albertson's store-made item and sold by random weight at point of sale with grocery store's scale label.
shrimp,H-0516-2026,2026-02-25,Class II,Terminated,H & N Group Inc.,Product was distributed to a single retail consignee with multiple locations (~30) in the greater Houston and Gulf Coas…,"Frozen Cooked Medium Shrimp Peeled & Deveined, Tail Off-White Shrimp; 1 lbs retail plastic bag. UPC: 041220333035"
shrimp,H-0401-2026,2026-01-21,Class II,Ongoing,"AZ Gems, Inc.",Product was shipped nationwide and distributed exclusively under the Member's Mark label.,"Jumbo RAW SHRIMP, All Natural, Chemical Free, No artificial ingredients, NET WT. 32 OZ (2 LB) 907g UPC: 1 93968 00697 6"
shrimp,H-0379-2026,2026-01-14,Class II,Terminated,DIRECT SOURCE SEAFOOD LLC,"Market 32 brand frozen raw shrimp was sold in CT, MA, NH, NY, PA, and VT. waterfront BISTRO frozen raw shrimp was sold …",waterfront BISTRO brand Frozen Raw Shrimp EZ PEEL SHELL & TAIL ON Colossal 8-12 Count per Lb. Net wt. 32oz (2LB). Product is packaged in white flexible plastic pouch with multicol…
shrimp,H-0380-2026,2026-01-14,Class II,Terminated,DIRECT SOURCE SEAFOOD LLC,"Market 32 brand frozen raw shrimp was sold in CT, MA, NH, NY, PA, and VT. waterfront BISTRO frozen raw shrimp was sold …","MARKET 32 by Price Chopper brand, frozen RAW SHRIMP easy peel shell on 26/30 count per pound. Net 16oz. Product is packaged in a clear flexible plastic package with brown label an…"
shrimp,H-0226-2026,2025-12-10,Class III,Terminated,"Pacific Seafood - Portland, LLC","Distributed in AL, FL, and MA.","Pacific Seafood Raw Blackened Shrimp Peeled & Deveined Tail-Off, refrigerated, farm-raised. Net wt. per tray 8 oz (227 g). UPC 0 27241 44630 5. Ingredients: Shrimp (Shrimp, Water,…"
shrimp,H-0158-2026,2025-11-12,Class II,Ongoing,Admiralty Island Fisheries Inc dba AquaStar (USA) Corp.,Nationwide.,"Kroger Mercado Cooked Medium Peeled Tail-Off Shrimp, net wt. 2lbs. UPC 011110626196. Product is packaged in clear plastic bag and has a white label with green stripes on top of ea…"
shrimp,H-0162-2026,2025-11-12,Class II,Ongoing,Admiralty Island Fisheries Inc dba AquaStar (USA) Corp.,Nationwide.,"AquaStar 16/20 Frozen Raw EZ-Peel White Shrimp, net wt. 5 lbs. UPC 731149654075. Product was sold at WinCo."
shrimp,H-0161-2026,2025-11-12,Class II,Ongoing,Admiralty Island Fisheries Inc dba AquaStar (USA) Corp.,Nationwide.,"Waterfront Bistro Frozen Raw EZ-Peel White Shrimp 21/25, net wt. 2lbs., UPC 021130123223. Product was sold at Shaw s and Star Market, Albertson's, Eagle, Carrs-Safeway, and Safewa…"
shrimp,H-0163-2026,2025-11-12,Class II,Ongoing,Admiralty Island Fisheries Inc dba AquaStar (USA) Corp.,Nationwide.,"AquaStar 13/15 Raw Shrimp Easy Peel Deveined, net wt. 2 lbs. UPC 731149654051. Product was sold at Publix."
shrimp,H-0165-2026,2025-11-12,Class II,Ongoing,Admiralty Island Fisheries Inc dba AquaStar (USA) Corp.,Nationwide.,"Publix Large Shrimp Peeled & Deveined Tail On 31/40, net wt. 1.5 lbs. UPC 041415067455. Product was sold at Publix."
shrimp,H-0159-2026,2025-11-12,Class II,Ongoing,Admiralty Island Fisheries Inc dba AquaStar (USA) Corp.,Nationwide.,"AquaStar Raw Peeled Tail-on Shrimp Skewers, net wt. 1.25lbs. UPC 731149390010. Product is packaged in a printed bag with a black top and blue bottom and printed pictures of the sk…"
shrimp,H-0157-2026,2025-11-12,Class II,Ongoing,Admiralty Island Fisheries Inc dba AquaStar (USA) Corp.,Nationwide.,"Kroger Raw Colossal EZ Peel Shrimp, net wt. 2lbs., UPC 20011110643906. Product is packaged in transparent printed bag with a blue band on the top with yellow and red details."
shrimp,H-0160-2026,2025-11-12,Class II,Ongoing,Admiralty Island Fisheries Inc dba AquaStar (USA) Corp.,Nationwide.,Best Yet Frozen Raw EZ-Peel White Shrimp 16/20 (net wt. 1 lbs/pkg; 10 pkgs per case). UPC 04218700282 Best Yet Frozen Raw EZ-Peel White Shrimp 21/25 (net wt. 1 lbs/pkg; 10 pkgs pe…
shrimp,H-0115-2026,2025-10-29,Class II,Terminated,Southwind Foods LLC dba Great American Seafood Imports Co.,"Distribution includes 26 domestic retail consignees across the following states: Alabama, Arizona, California, Colorado…",Tovala branded Frozen raw phosphate free shrimp; 5oz IQF bag UPC: 829944085788
shrimp,H-0113-2026,2025-10-29,Class II,Terminated,Southwind Foods LLC dba Great American Seafood Imports Co.,"Distribution includes 26 domestic retail consignees across the following states: Alabama, Arizona, California, Colorado…",Arctic Shores; Best Yet; Great American; Master Catch branded Frozen Raw shrimp; 2lbs; 1lbs; UPC: 041130810923; 041512179471; 041130810978; 041130811029; 011110641182; 82994401063…
shrimp,H-0116-2026,2025-10-29,Class II,Terminated,Southwind Foods LLC dba Great American Seafood Imports Co.,"Distribution includes 26 domestic retail consignees across the following states: Alabama, Arizona, California, Colorado…",Great American branded Frozen raw shrimp skewer; 1lb bag UPC: 829944002716; 829944002372
shrimp,H-0036-2026,2025-10-22,Class II,Terminated,Sea Port Products Corp,"Distributed in CA, HI, MT, OR, WA and American Samoa.","Sea Port brand, Raw Frozen Easy Peel Headless Shell-On White Shrimp, Jumbo size 16-20. Product of Indonesia. Distributed by Sea Port Products Corporation, Kirkland, WA. Master Cas…"
shrimp,H-0640-2025,2025-10-08,Class II,Terminated,Tas Tematic Foods Inc,Product was distributed to two (2) locations of the firm's consignee located in CA.,"Frozen Raw Easy Peel shrimp, IQF, 2-lb bag, 10 bags/case; Generic Brown cardboard box UPC: 021130123223"
shrimp,H-0584-2025,2025-09-24,Class II,Ongoing,Admiralty Island Fisheries Inc dba AquaStar (USA) Corp.,"The affected AquaStar brand Cocktail Shrimp, 4oz. shrimp/2oz. cocktail sauce (net wt. 6oz), was sold at WALMART stores …",Frozen Mercado Kroger Cooked Shrimp - Medium - Peeled - Tail-Off - Shrimp Pieces. 2 lbs. package. Net wt. per case 10lbs. (5x2lb packages per case). UPC 011110626196.
shrimp,H-0553-2025,2025-09-10,Class II,Terminated,"TAMPA MAID FOODS, LLC","Product was distributed to OH, MI, WI, PA, TX, MN, SC, OK, TN, MI, IL, KY, FL, VA,","Clean-tail Coconut Farm Raise Breaded Butterfly Shrimp Clean Tail (21/25 CT per pound) in bulk packaging, corrugated master cartons. Master carton case (4 x 3lb), KEEP FROZEN. Pro…"
shrimp,H-0552-2025,2025-09-10,Class II,Terminated,"TAMPA MAID FOODS, LLC","Product was distributed to OH, MI, WI, PA, TX, MN, SC, OK, TN, MI, IL, KY, FL, VA,","ADMIRAL OF THE FLEET and PORTICO SEAFOOD CLASSIC (SYSCO) Cleantail Breaded Butterfly Shrimp (16/20 CT per pound) in bulk packaging, corrugated master cartons. Master carton case i…"
shrimp,H-0551-2025,2025-09-10,Class II,Terminated,"TAMPA MAID FOODS, LLC","Product was distributed to OH, MI, WI, PA, TX, MN, SC, OK, TN, MI, IL, KY, FL, VA,","Panko Style Breaded Butterfly Shrimp (16/20 CT per pound) in bulk packaging, corrugated master cartons. Master carton case is NET WT 12 lbs. (192 OZ) 5.44 kg (4 x 3lbs cartons), F…"
shrimp,H-0548-2025,2025-09-03,Class II,Terminated,H & N Group Inc.,Product is distributed to various retail grocery stores primarily on the East Coast.,Frozen shrimp in bulk packaging. 20 lbs (10 x 2 lbs blocks); 20 lbs (20 x 1 lbs blocks); 9 lbs case UPC# SH0176; SH0430; SH0320; SH0369; SH0370
shrimp,H-0549-2025,2025-09-03,Class II,Terminated,"Beaver Street Fisheries, Inc.","Product was distributed to AR, FL, IL","Great Value branded and Sea Best branded raw frozen shrimp in bulk packaging, master cartons. Master carton case is 20 lbs (10 x 2lbs retail bags), and 18 lbs (12 x 1.5lbs retail …"
shrimp,H-0068-2025,2025-07-02,Class I,Terminated,TRI-UNION FROZEN PRODUCTS INC DBA CHICKEN OF THE SEA FROZEN FOOD,Affected lots were sold exclusively to Whole Foods USA. Whole Foods uses some of the product for its retail in-store de…,"Frozen Shrimp- packaged in 5lb frozen IQF blocks/4 blocks to a case. Unlabeled generic case packaging reads: ""Raw P&D Tail-On White Shrimp"" 26/30; Contains: Shrimp (Crustacean) UP…"
shrimp,H-0110-2025,2025-07-02,Class I,Terminated,Hy-Vee,Retail locations throughout the Midwest,Duo Crunchy Calif Shrimp 10Pc
shrimp,H-0109-2025,2025-07-02,Class I,Terminated,Hy-Vee,Retail locations throughout the Midwest,Duo Spicy Veg Shrimp 10Pc
shrimp,H-0114-2025,2025-07-02,Class I,Terminated,Hy-Vee,Retail locations throughout the Midwest,Spicy Shrimp Poke Bowl
shrimp,H-0111-2025,2025-07-02,Class I,Terminated,Hy-Vee,Retail locations throughout the Midwest,Duo Crispy Calif Shrimp 10Pc
shrimp,H-0108-2025,2025-07-02,Class I,Terminated,Hy-Vee,Retail locations throughout the Midwest,Duo Spicy Calif Shrimp 10Pc
shrimp,H-0113-2025,2025-07-02,Class I,Terminated,Hy-Vee,Retail locations throughout the Midwest,Duo Crispy Veg Shrimp 10Pc
shrimp,H-0112-2025,2025-07-02,Class I,Terminated,Hy-Vee,Retail locations throughout the Midwest,Duo Crunchy Veg Shrimp 10Pc
shrimp,F-0571-2024,2023-12-20,Class II,Terminated,Ben E Keith Foods - Fort Worth,All products were shipped via truck to food services.,SHRIMP RAW P&D WHITE 16-20 CT
shrimp,F-0906-2021,2021-08-11,Class II,Terminated,Avanti Frozen Foods,"Distributed to importers/distributors in NJ, CA, IL, NY, and WA. Then further distributed nationwide.","Cooked, Peeled and Deveined, Tail-on, Shrimp. CENSEA, Frozen Cooked, peeled and deveined, Tail Off Shrimps IQF 2 LB Printed Polythene Pouch CHICKEN OF THE SEA, Frozen Cooked, peel…"
shrimp,F-0437-2021,2021-04-28,Class III,Terminated,Avanti Frozen Foods Private Limited,Potentially Nationwide,365 Whole Foods Market Farm Raised Cooked Shrimp 2 lbs/Ready- to - Serve Tail-On/Peeled & Deveined/41-55 Shrimp/lb NET WT 32 OZ (2 LB) 907g packaged in clear plastic bag
shrimp,F-0070-2021,2020-11-04,Class II,Terminated,Capital Seaboard,"Distributed to 287 restaurants in MD, VA, PA, DE, and Washington D.C.","Gracie's Pointe frozen raw shrimp. 1. 8/12 Count Per Pound Tail On, UPC: 849558095034 2. 21/25 Count Per Pound Tail Off, UPC: 849558095065 3. 31/40 Count Per Pound Tail Off, UPC: …"
shrimp,F-1432-2020,2020-09-16,Class II,Terminated,Kader Exports Pvt. Ltd.,Product distributed nationwide.,"Cooked, Peeled and Deveined, Tail-on, Shrimp. AQUA STAR RESERVE-(1) 26/30 shrimp per pound, NET WT 1lbs UPC:3114960591 and (2) 31/40 shrimp per pound, NET WT 1lbs UPC:3114965212. …"
shrimp,F-1298-2020,2020-09-02,Class II,Terminated,"Wegmans Food Markets, Inc.","VA, NJ, MD, PA, NC, NY","Fresh Grilled Shrimp; 6ct, 16ct, 40ct; seasoned grilled shrimp made with EU organic shrimp; packaged in a plastic tray; package size varies; keep refrigerated"
shrimp,F-0841-2020,2020-03-18,Class II,Terminated,Les Chateaux De France,"NV, FL, NY, PA, LA, NJ, AZ, MA","Butterfly Shrimp 16/20, 50 lb. cases"
shrimp-head-on,H-1010-2026,2026-06-10,Class III,Terminated,Albertsons Companies LLC,Nationwide.,UPC 23070400000 SHRIMP SKEWER MEDIUM RAW CILANTRO LIME This is Albertson's store-made item and sold by random weight at point of sale with grocery store's scale label.
shrimp-head-on,H-1000-2026,2026-06-10,Class II,Terminated,Albertsons Companies LLC,Nationwide.,UPC 23245700000 SHRIMP & SURIMI CEVICHE FRESH This is Albertson's store-made item and sold by random weight at point of sale with grocery store's scale label.
shrimp-head-on,H-0516-2026,2026-02-25,Class II,Terminated,H & N Group Inc.,Product was distributed to a single retail consignee with multiple locations (~30) in the greater Houston and Gulf Coas…,"Frozen Cooked Medium Shrimp Peeled & Deveined, Tail Off-White Shrimp; 1 lbs retail plastic bag. UPC: 041220333035"
shrimp-head-on,H-0401-2026,2026-01-21,Class II,Ongoing,"AZ Gems, Inc.",Product was shipped nationwide and distributed exclusively under the Member's Mark label.,"Jumbo RAW SHRIMP, All Natural, Chemical Free, No artificial ingredients, NET WT. 32 OZ (2 LB) 907g UPC: 1 93968 00697 6"
shrimp-head-on,H-0379-2026,2026-01-14,Class II,Terminated,DIRECT SOURCE SEAFOOD LLC,"Market 32 brand frozen raw shrimp was sold in CT, MA, NH, NY, PA, and VT. waterfront BISTRO frozen raw shrimp was sold …",waterfront BISTRO brand Frozen Raw Shrimp EZ PEEL SHELL & TAIL ON Colossal 8-12 Count per Lb. Net wt. 32oz (2LB). Product is packaged in white flexible plastic pouch with multicol…
shrimp-head-on,H-0380-2026,2026-01-14,Class II,Terminated,DIRECT SOURCE SEAFOOD LLC,"Market 32 brand frozen raw shrimp was sold in CT, MA, NH, NY, PA, and VT. waterfront BISTRO frozen raw shrimp was sold …","MARKET 32 by Price Chopper brand, frozen RAW SHRIMP easy peel shell on 26/30 count per pound. Net 16oz. Product is packaged in a clear flexible plastic package with brown label an…"
shrimp-head-on,H-0226-2026,2025-12-10,Class III,Terminated,"Pacific Seafood - Portland, LLC","Distributed in AL, FL, and MA.","Pacific Seafood Raw Blackened Shrimp Peeled & Deveined Tail-Off, refrigerated, farm-raised. Net wt. per tray 8 oz (227 g). UPC 0 27241 44630 5. Ingredients: Shrimp (Shrimp, Water,…"
shrimp-head-on,H-0158-2026,2025-11-12,Class II,Ongoing,Admiralty Island Fisheries Inc dba AquaStar (USA) Corp.,Nationwide.,"Kroger Mercado Cooked Medium Peeled Tail-Off Shrimp, net wt. 2lbs. UPC 011110626196. Product is packaged in clear plastic bag and has a white label with green stripes on top of ea…"
shrimp-head-on,H-0162-2026,2025-11-12,Class II,Ongoing,Admiralty Island Fisheries Inc dba AquaStar (USA) Corp.,Nationwide.,"AquaStar 16/20 Frozen Raw EZ-Peel White Shrimp, net wt. 5 lbs. UPC 731149654075. Product was sold at WinCo."
shrimp-head-on,H-0161-2026,2025-11-12,Class II,Ongoing,Admiralty Island Fisheries Inc dba AquaStar (USA) Corp.,Nationwide.,"Waterfront Bistro Frozen Raw EZ-Peel White Shrimp 21/25, net wt. 2lbs., UPC 021130123223. Product was sold at Shaw s and Star Market, Albertson's, Eagle, Carrs-Safeway, and Safewa…"
shrimp-head-on,H-0163-2026,2025-11-12,Class II,Ongoing,Admiralty Island Fisheries Inc dba AquaStar (USA) Corp.,Nationwide.,"AquaStar 13/15 Raw Shrimp Easy Peel Deveined, net wt. 2 lbs. UPC 731149654051. Product was sold at Publix."
shrimp-head-on,H-0165-2026,2025-11-12,Class II,Ongoing,Admiralty Island Fisheries Inc dba AquaStar (USA) Corp.,Nationwide.,"Publix Large Shrimp Peeled & Deveined Tail On 31/40, net wt. 1.5 lbs. UPC 041415067455. Product was sold at Publix."
shrimp-head-on,H-0159-2026,2025-11-12,Class II,Ongoing,Admiralty Island Fisheries Inc dba AquaStar (USA) Corp.,Nationwide.,"AquaStar Raw Peeled Tail-on Shrimp Skewers, net wt. 1.25lbs. UPC 731149390010. Product is packaged in a printed bag with a black top and blue bottom and printed pictures of the sk…"
shrimp-head-on,H-0157-2026,2025-11-12,Class II,Ongoing,Admiralty Island Fisheries Inc dba AquaStar (USA) Corp.,Nationwide.,"Kroger Raw Colossal EZ Peel Shrimp, net wt. 2lbs., UPC 20011110643906. Product is packaged in transparent printed bag with a blue band on the top with yellow and red details."
shrimp-head-on,H-0160-2026,2025-11-12,Class II,Ongoing,Admiralty Island Fisheries Inc dba AquaStar (USA) Corp.,Nationwide.,Best Yet Frozen Raw EZ-Peel White Shrimp 16/20 (net wt. 1 lbs/pkg; 10 pkgs per case). UPC 04218700282 Best Yet Frozen Raw EZ-Peel White Shrimp 21/25 (net wt. 1 lbs/pkg; 10 pkgs pe…
shrimp-head-on,H-0115-2026,2025-10-29,Class II,Terminated,Southwind Foods LLC dba Great American Seafood Imports Co.,"Distribution includes 26 domestic retail consignees across the following states: Alabama, Arizona, California, Colorado…",Tovala branded Frozen raw phosphate free shrimp; 5oz IQF bag UPC: 829944085788
shrimp-head-on,H-0113-2026,2025-10-29,Class II,Terminated,Southwind Foods LLC dba Great American Seafood Imports Co.,"Distribution includes 26 domestic retail consignees across the following states: Alabama, Arizona, California, Colorado…",Arctic Shores; Best Yet; Great American; Master Catch branded Frozen Raw shrimp; 2lbs; 1lbs; UPC: 041130810923; 041512179471; 041130810978; 041130811029; 011110641182; 82994401063…
shrimp-head-on,H-0116-2026,2025-10-29,Class II,Terminated,Southwind Foods LLC dba Great American Seafood Imports Co.,"Distribution includes 26 domestic retail consignees across the following states: Alabama, Arizona, California, Colorado…",Great American branded Frozen raw shrimp skewer; 1lb bag UPC: 829944002716; 829944002372
shrimp-head-on,H-0036-2026,2025-10-22,Class II,Terminated,Sea Port Products Corp,"Distributed in CA, HI, MT, OR, WA and American Samoa.","Sea Port brand, Raw Frozen Easy Peel Headless Shell-On White Shrimp, Jumbo size 16-20. Product of Indonesia. Distributed by Sea Port Products Corporation, Kirkland, WA. Master Cas…"
shrimp-head-on,H-0640-2025,2025-10-08,Class II,Terminated,Tas Tematic Foods Inc,Product was distributed to two (2) locations of the firm's consignee located in CA.,"Frozen Raw Easy Peel shrimp, IQF, 2-lb bag, 10 bags/case; Generic Brown cardboard box UPC: 021130123223"
shrimp-head-on,H-0584-2025,2025-09-24,Class II,Ongoing,Admiralty Island Fisheries Inc dba AquaStar (USA) Corp.,"The affected AquaStar brand Cocktail Shrimp, 4oz. shrimp/2oz. cocktail sauce (net wt. 6oz), was sold at WALMART stores …",Frozen Mercado Kroger Cooked Shrimp - Medium - Peeled - Tail-Off - Shrimp Pieces. 2 lbs. package. Net wt. per case 10lbs. (5x2lb packages per case). UPC 011110626196.
shrimp-head-on,H-0553-2025,2025-09-10,Class II,Terminated,"TAMPA MAID FOODS, LLC","Product was distributed to OH, MI, WI, PA, TX, MN, SC, OK, TN, MI, IL, KY, FL, VA,","Clean-tail Coconut Farm Raise Breaded Butterfly Shrimp Clean Tail (21/25 CT per pound) in bulk packaging, corrugated master cartons. Master carton case (4 x 3lb), KEEP FROZEN. Pro…"
shrimp-head-on,H-0552-2025,2025-09-10,Class II,Terminated,"TAMPA MAID FOODS, LLC","Product was distributed to OH, MI, WI, PA, TX, MN, SC, OK, TN, MI, IL, KY, FL, VA,","ADMIRAL OF THE FLEET and PORTICO SEAFOOD CLASSIC (SYSCO) Cleantail Breaded Butterfly Shrimp (16/20 CT per pound) in bulk packaging, corrugated master cartons. Master carton case i…"
shrimp-head-on,H-0551-2025,2025-09-10,Class II,Terminated,"TAMPA MAID FOODS, LLC","Product was distributed to OH, MI, WI, PA, TX, MN, SC, OK, TN, MI, IL, KY, FL, VA,","Panko Style Breaded Butterfly Shrimp (16/20 CT per pound) in bulk packaging, corrugated master cartons. Master carton case is NET WT 12 lbs. (192 OZ) 5.44 kg (4 x 3lbs cartons), F…"
shrimp-head-on,H-0548-2025,2025-09-03,Class II,Terminated,H & N Group Inc.,Product is distributed to various retail grocery stores primarily on the East Coast.,Frozen shrimp in bulk packaging. 20 lbs (10 x 2 lbs blocks); 20 lbs (20 x 1 lbs blocks); 9 lbs case UPC# SH0176; SH0430; SH0320; SH0369; SH0370
shrimp-head-on,H-0549-2025,2025-09-03,Class II,Terminated,"Beaver Street Fisheries, Inc.","Product was distributed to AR, FL, IL","Great Value branded and Sea Best branded raw frozen shrimp in bulk packaging, master cartons. Master carton case is 20 lbs (10 x 2lbs retail bags), and 18 lbs (12 x 1.5lbs retail …"
shrimp-head-on,H-0068-2025,2025-07-02,Class I,Terminated,TRI-UNION FROZEN PRODUCTS INC DBA CHICKEN OF THE SEA FROZEN FOOD,Affected lots were sold exclusively to Whole Foods USA. Whole Foods uses some of the product for its retail in-store de…,"Frozen Shrimp- packaged in 5lb frozen IQF blocks/4 blocks to a case. Unlabeled generic case packaging reads: ""Raw P&D Tail-On White Shrimp"" 26/30; Contains: Shrimp (Crustacean) UP…"
shrimp-head-on,H-0110-2025,2025-07-02,Class I,Terminated,Hy-Vee,Retail locations throughout the Midwest,Duo Crunchy Calif Shrimp 10Pc
shrimp-head-on,H-0109-2025,2025-07-02,Class I,Terminated,Hy-Vee,Retail locations throughout the Midwest,Duo Spicy Veg Shrimp 10Pc
shrimp-head-on,H-0114-2025,2025-07-02,Class I,Terminated,Hy-Vee,Retail locations throughout the Midwest,Spicy Shrimp Poke Bowl
shrimp-head-on,H-0111-2025,2025-07-02,Class I,Terminated,Hy-Vee,Retail locations throughout the Midwest,Duo Crispy Calif Shrimp 10Pc
shrimp-head-on,H-0108-2025,2025-07-02,Class I,Terminated,Hy-Vee,Retail locations throughout the Midwest,Duo Spicy Calif Shrimp 10Pc
shrimp-head-on,H-0113-2025,2025-07-02,Class I,Terminated,Hy-Vee,Retail locations throughout the Midwest,Duo Crispy Veg Shrimp 10Pc
shrimp-head-on,H-0112-2025,2025-07-02,Class I,Terminated,Hy-Vee,Retail locations throughout the Midwest,Duo Crunchy Veg Shrimp 10Pc
shrimp-head-on,F-0571-2024,2023-12-20,Class II,Terminated,Ben E Keith Foods - Fort Worth,All products were shipped via truck to food services.,SHRIMP RAW P&D WHITE 16-20 CT
shrimp-head-on,F-0906-2021,2021-08-11,Class II,Terminated,Avanti Frozen Foods,"Distributed to importers/distributors in NJ, CA, IL, NY, and WA. Then further distributed nationwide.","Cooked, Peeled and Deveined, Tail-on, Shrimp. CENSEA, Frozen Cooked, peeled and deveined, Tail Off Shrimps IQF 2 LB Printed Polythene Pouch CHICKEN OF THE SEA, Frozen Cooked, peel…"
shrimp-head-on,F-0437-2021,2021-04-28,Class III,Terminated,Avanti Frozen Foods Private Limited,Potentially Nationwide,365 Whole Foods Market Farm Raised Cooked Shrimp 2 lbs/Ready- to - Serve Tail-On/Peeled & Deveined/41-55 Shrimp/lb NET WT 32 OZ (2 LB) 907g packaged in clear plastic bag
shrimp-head-on,F-0070-2021,2020-11-04,Class II,Terminated,Capital Seaboard,"Distributed to 287 restaurants in MD, VA, PA, DE, and Washington D.C.","Gracie's Pointe frozen raw shrimp. 1. 8/12 Count Per Pound Tail On, UPC: 849558095034 2. 21/25 Count Per Pound Tail Off, UPC: 849558095065 3. 31/40 Count Per Pound Tail Off, UPC: …"
shrimp-head-on,F-1432-2020,2020-09-16,Class II,Terminated,Kader Exports Pvt. Ltd.,Product distributed nationwide.,"Cooked, Peeled and Deveined, Tail-on, Shrimp. AQUA STAR RESERVE-(1) 26/30 shrimp per pound, NET WT 1lbs UPC:3114960591 and (2) 31/40 shrimp per pound, NET WT 1lbs UPC:3114965212. …"
shrimp-head-on,F-1298-2020,2020-09-02,Class II,Terminated,"Wegmans Food Markets, Inc.","VA, NJ, MD, PA, NC, NY","Fresh Grilled Shrimp; 6ct, 16ct, 40ct; seasoned grilled shrimp made with EU organic shrimp; packaged in a plastic tray; package size varies; keep refrigerated"
shrimp-head-on,F-0841-2020,2020-03-18,Class II,Terminated,Les Chateaux De France,"NV, FL, NY, PA, LA, NJ, AZ, MA","Butterfly Shrimp 16/20, 50 lb. cases"
shrimp-pd,H-1010-2026,2026-06-10,Class III,Terminated,Albertsons Companies LLC,Nationwide.,UPC 23070400000 SHRIMP SKEWER MEDIUM RAW CILANTRO LIME This is Albertson's store-made item and sold by random weight at point of sale with grocery store's scale label.
shrimp-pd,H-1000-2026,2026-06-10,Class II,Terminated,Albertsons Companies LLC,Nationwide.,UPC 23245700000 SHRIMP & SURIMI CEVICHE FRESH This is Albertson's store-made item and sold by random weight at point of sale with grocery store's scale label.
shrimp-pd,H-0516-2026,2026-02-25,Class II,Terminated,H & N Group Inc.,Product was distributed to a single retail consignee with multiple locations (~30) in the greater Houston and Gulf Coas…,"Frozen Cooked Medium Shrimp Peeled & Deveined, Tail Off-White Shrimp; 1 lbs retail plastic bag. UPC: 041220333035"
shrimp-pd,H-0401-2026,2026-01-21,Class II,Ongoing,"AZ Gems, Inc.",Product was shipped nationwide and distributed exclusively under the Member's Mark label.,"Jumbo RAW SHRIMP, All Natural, Chemical Free, No artificial ingredients, NET WT. 32 OZ (2 LB) 907g UPC: 1 93968 00697 6"
shrimp-pd,H-0379-2026,2026-01-14,Class II,Terminated,DIRECT SOURCE SEAFOOD LLC,"Market 32 brand frozen raw shrimp was sold in CT, MA, NH, NY, PA, and VT. waterfront BISTRO frozen raw shrimp was sold …",waterfront BISTRO brand Frozen Raw Shrimp EZ PEEL SHELL & TAIL ON Colossal 8-12 Count per Lb. Net wt. 32oz (2LB). Product is packaged in white flexible plastic pouch with multicol…
shrimp-pd,H-0380-2026,2026-01-14,Class II,Terminated,DIRECT SOURCE SEAFOOD LLC,"Market 32 brand frozen raw shrimp was sold in CT, MA, NH, NY, PA, and VT. waterfront BISTRO frozen raw shrimp was sold …","MARKET 32 by Price Chopper brand, frozen RAW SHRIMP easy peel shell on 26/30 count per pound. Net 16oz. Product is packaged in a clear flexible plastic package with brown label an…"
shrimp-pd,H-0226-2026,2025-12-10,Class III,Terminated,"Pacific Seafood - Portland, LLC","Distributed in AL, FL, and MA.","Pacific Seafood Raw Blackened Shrimp Peeled & Deveined Tail-Off, refrigerated, farm-raised. Net wt. per tray 8 oz (227 g). UPC 0 27241 44630 5. Ingredients: Shrimp (Shrimp, Water,…"
shrimp-pd,H-0158-2026,2025-11-12,Class II,Ongoing,Admiralty Island Fisheries Inc dba AquaStar (USA) Corp.,Nationwide.,"Kroger Mercado Cooked Medium Peeled Tail-Off Shrimp, net wt. 2lbs. UPC 011110626196. Product is packaged in clear plastic bag and has a white label with green stripes on top of ea…"
shrimp-pd,H-0162-2026,2025-11-12,Class II,Ongoing,Admiralty Island Fisheries Inc dba AquaStar (USA) Corp.,Nationwide.,"AquaStar 16/20 Frozen Raw EZ-Peel White Shrimp, net wt. 5 lbs. UPC 731149654075. Product was sold at WinCo."
shrimp-pd,H-0161-2026,2025-11-12,Class II,Ongoing,Admiralty Island Fisheries Inc dba AquaStar (USA) Corp.,Nationwide.,"Waterfront Bistro Frozen Raw EZ-Peel White Shrimp 21/25, net wt. 2lbs., UPC 021130123223. Product was sold at Shaw s and Star Market, Albertson's, Eagle, Carrs-Safeway, and Safewa…"
shrimp-pd,H-0163-2026,2025-11-12,Class II,Ongoing,Admiralty Island Fisheries Inc dba AquaStar (USA) Corp.,Nationwide.,"AquaStar 13/15 Raw Shrimp Easy Peel Deveined, net wt. 2 lbs. UPC 731149654051. Product was sold at Publix."
shrimp-pd,H-0165-2026,2025-11-12,Class II,Ongoing,Admiralty Island Fisheries Inc dba AquaStar (USA) Corp.,Nationwide.,"Publix Large Shrimp Peeled & Deveined Tail On 31/40, net wt. 1.5 lbs. UPC 041415067455. Product was sold at Publix."
shrimp-pd,H-0159-2026,2025-11-12,Class II,Ongoing,Admiralty Island Fisheries Inc dba AquaStar (USA) Corp.,Nationwide.,"AquaStar Raw Peeled Tail-on Shrimp Skewers, net wt. 1.25lbs. UPC 731149390010. Product is packaged in a printed bag with a black top and blue bottom and printed pictures of the sk…"
shrimp-pd,H-0157-2026,2025-11-12,Class II,Ongoing,Admiralty Island Fisheries Inc dba AquaStar (USA) Corp.,Nationwide.,"Kroger Raw Colossal EZ Peel Shrimp, net wt. 2lbs., UPC 20011110643906. Product is packaged in transparent printed bag with a blue band on the top with yellow and red details."
shrimp-pd,H-0160-2026,2025-11-12,Class II,Ongoing,Admiralty Island Fisheries Inc dba AquaStar (USA) Corp.,Nationwide.,Best Yet Frozen Raw EZ-Peel White Shrimp 16/20 (net wt. 1 lbs/pkg; 10 pkgs per case). UPC 04218700282 Best Yet Frozen Raw EZ-Peel White Shrimp 21/25 (net wt. 1 lbs/pkg; 10 pkgs pe…
shrimp-pd,H-0115-2026,2025-10-29,Class II,Terminated,Southwind Foods LLC dba Great American Seafood Imports Co.,"Distribution includes 26 domestic retail consignees across the following states: Alabama, Arizona, California, Colorado…",Tovala branded Frozen raw phosphate free shrimp; 5oz IQF bag UPC: 829944085788
shrimp-pd,H-0113-2026,2025-10-29,Class II,Terminated,Southwind Foods LLC dba Great American Seafood Imports Co.,"Distribution includes 26 domestic retail consignees across the following states: Alabama, Arizona, California, Colorado…",Arctic Shores; Best Yet; Great American; Master Catch branded Frozen Raw shrimp; 2lbs; 1lbs; UPC: 041130810923; 041512179471; 041130810978; 041130811029; 011110641182; 82994401063…
shrimp-pd,H-0116-2026,2025-10-29,Class II,Terminated,Southwind Foods LLC dba Great American Seafood Imports Co.,"Distribution includes 26 domestic retail consignees across the following states: Alabama, Arizona, California, Colorado…",Great American branded Frozen raw shrimp skewer; 1lb bag UPC: 829944002716; 829944002372
shrimp-pd,H-0036-2026,2025-10-22,Class II,Terminated,Sea Port Products Corp,"Distributed in CA, HI, MT, OR, WA and American Samoa.","Sea Port brand, Raw Frozen Easy Peel Headless Shell-On White Shrimp, Jumbo size 16-20. Product of Indonesia. Distributed by Sea Port Products Corporation, Kirkland, WA. Master Cas…"
shrimp-pd,H-0640-2025,2025-10-08,Class II,Terminated,Tas Tematic Foods Inc,Product was distributed to two (2) locations of the firm's consignee located in CA.,"Frozen Raw Easy Peel shrimp, IQF, 2-lb bag, 10 bags/case; Generic Brown cardboard box UPC: 021130123223"
shrimp-pd,H-0584-2025,2025-09-24,Class II,Ongoing,Admiralty Island Fisheries Inc dba AquaStar (USA) Corp.,"The affected AquaStar brand Cocktail Shrimp, 4oz. shrimp/2oz. cocktail sauce (net wt. 6oz), was sold at WALMART stores …",Frozen Mercado Kroger Cooked Shrimp - Medium - Peeled - Tail-Off - Shrimp Pieces. 2 lbs. package. Net wt. per case 10lbs. (5x2lb packages per case). UPC 011110626196.
shrimp-pd,H-0553-2025,2025-09-10,Class II,Terminated,"TAMPA MAID FOODS, LLC","Product was distributed to OH, MI, WI, PA, TX, MN, SC, OK, TN, MI, IL, KY, FL, VA,","Clean-tail Coconut Farm Raise Breaded Butterfly Shrimp Clean Tail (21/25 CT per pound) in bulk packaging, corrugated master cartons. Master carton case (4 x 3lb), KEEP FROZEN. Pro…"
shrimp-pd,H-0552-2025,2025-09-10,Class II,Terminated,"TAMPA MAID FOODS, LLC","Product was distributed to OH, MI, WI, PA, TX, MN, SC, OK, TN, MI, IL, KY, FL, VA,","ADMIRAL OF THE FLEET and PORTICO SEAFOOD CLASSIC (SYSCO) Cleantail Breaded Butterfly Shrimp (16/20 CT per pound) in bulk packaging, corrugated master cartons. Master carton case i…"
shrimp-pd,H-0551-2025,2025-09-10,Class II,Terminated,"TAMPA MAID FOODS, LLC","Product was distributed to OH, MI, WI, PA, TX, MN, SC, OK, TN, MI, IL, KY, FL, VA,","Panko Style Breaded Butterfly Shrimp (16/20 CT per pound) in bulk packaging, corrugated master cartons. Master carton case is NET WT 12 lbs. (192 OZ) 5.44 kg (4 x 3lbs cartons), F…"
shrimp-pd,H-0548-2025,2025-09-03,Class II,Terminated,H & N Group Inc.,Product is distributed to various retail grocery stores primarily on the East Coast.,Frozen shrimp in bulk packaging. 20 lbs (10 x 2 lbs blocks); 20 lbs (20 x 1 lbs blocks); 9 lbs case UPC# SH0176; SH0430; SH0320; SH0369; SH0370
shrimp-pd,H-0549-2025,2025-09-03,Class II,Terminated,"Beaver Street Fisheries, Inc.","Product was distributed to AR, FL, IL","Great Value branded and Sea Best branded raw frozen shrimp in bulk packaging, master cartons. Master carton case is 20 lbs (10 x 2lbs retail bags), and 18 lbs (12 x 1.5lbs retail …"
shrimp-pd,H-0068-2025,2025-07-02,Class I,Terminated,TRI-UNION FROZEN PRODUCTS INC DBA CHICKEN OF THE SEA FROZEN FOOD,Affected lots were sold exclusively to Whole Foods USA. Whole Foods uses some of the product for its retail in-store de…,"Frozen Shrimp- packaged in 5lb frozen IQF blocks/4 blocks to a case. Unlabeled generic case packaging reads: ""Raw P&D Tail-On White Shrimp"" 26/30; Contains: Shrimp (Crustacean) UP…"
shrimp-pd,H-0110-2025,2025-07-02,Class I,Terminated,Hy-Vee,Retail locations throughout the Midwest,Duo Crunchy Calif Shrimp 10Pc
shrimp-pd,H-0109-2025,2025-07-02,Class I,Terminated,Hy-Vee,Retail locations throughout the Midwest,Duo Spicy Veg Shrimp 10Pc
shrimp-pd,H-0114-2025,2025-07-02,Class I,Terminated,Hy-Vee,Retail locations throughout the Midwest,Spicy Shrimp Poke Bowl
shrimp-pd,H-0111-2025,2025-07-02,Class I,Terminated,Hy-Vee,Retail locations throughout the Midwest,Duo Crispy Calif Shrimp 10Pc
shrimp-pd,H-0108-2025,2025-07-02,Class I,Terminated,Hy-Vee,Retail locations throughout the Midwest,Duo Spicy Calif Shrimp 10Pc
shrimp-pd,H-0113-2025,2025-07-02,Class I,Terminated,Hy-Vee,Retail locations throughout the Midwest,Duo Crispy Veg Shrimp 10Pc
shrimp-pd,H-0112-2025,2025-07-02,Class I,Terminated,Hy-Vee,Retail locations throughout the Midwest,Duo Crunchy Veg Shrimp 10Pc
shrimp-pd,F-0571-2024,2023-12-20,Class II,Terminated,Ben E Keith Foods - Fort Worth,All products were shipped via truck to food services.,SHRIMP RAW P&D WHITE 16-20 CT
shrimp-pd,F-0906-2021,2021-08-11,Class II,Terminated,Avanti Frozen Foods,"Distributed to importers/distributors in NJ, CA, IL, NY, and WA. Then further distributed nationwide.","Cooked, Peeled and Deveined, Tail-on, Shrimp. CENSEA, Frozen Cooked, peeled and deveined, Tail Off Shrimps IQF 2 LB Printed Polythene Pouch CHICKEN OF THE SEA, Frozen Cooked, peel…"
shrimp-pd,F-0437-2021,2021-04-28,Class III,Terminated,Avanti Frozen Foods Private Limited,Potentially Nationwide,365 Whole Foods Market Farm Raised Cooked Shrimp 2 lbs/Ready- to - Serve Tail-On/Peeled & Deveined/41-55 Shrimp/lb NET WT 32 OZ (2 LB) 907g packaged in clear plastic bag
shrimp-pd,F-0070-2021,2020-11-04,Class II,Terminated,Capital Seaboard,"Distributed to 287 restaurants in MD, VA, PA, DE, and Washington D.C.","Gracie's Pointe frozen raw shrimp. 1. 8/12 Count Per Pound Tail On, UPC: 849558095034 2. 21/25 Count Per Pound Tail Off, UPC: 849558095065 3. 31/40 Count Per Pound Tail Off, UPC: …"
shrimp-pd,F-1432-2020,2020-09-16,Class II,Terminated,Kader Exports Pvt. Ltd.,Product distributed nationwide.,"Cooked, Peeled and Deveined, Tail-on, Shrimp. AQUA STAR RESERVE-(1) 26/30 shrimp per pound, NET WT 1lbs UPC:3114960591 and (2) 31/40 shrimp per pound, NET WT 1lbs UPC:3114965212. …"
shrimp-pd,F-1298-2020,2020-09-02,Class II,Terminated,"Wegmans Food Markets, Inc.","VA, NJ, MD, PA, NC, NY","Fresh Grilled Shrimp; 6ct, 16ct, 40ct; seasoned grilled shrimp made with EU organic shrimp; packaged in a plastic tray; package size varies; keep refrigerated"
shrimp-pd,F-0841-2020,2020-03-18,Class II,Terminated,Les Chateaux De France,"NV, FL, NY, PA, LA, NJ, AZ, MA","Butterfly Shrimp 16/20, 50 lb. cases"
snapper,F-1312-2020,2020-09-02,Class II,Terminated,"Wegmans Food Markets, Inc.","VA, NJ, MD, PA, NC, NY",Whole Seasoned Snapper; by the lb.; whole seasoned snapper with lemon and oil; packaged in an oven ready tray; total package size varies; keep refrigerated
spinach,H-0424-2026,2026-02-04,Class II,Terminated,"Prima Vera Nueva, Inc.","U.S. Distribution: CA, NV","Mushroom, Spinach & Salsa Tamales with 2 Cheeses Ingredients: Organic Corn Flour Masa, Mushrooms, Spinach, Onions, Jalapenos, Jack and White Cheddar Cheese (pasteurized milk, chee…"
spinach,H-0433-2026,2026-02-04,Class I,Completed,"SUPERFOODS, INC.","Nationwide, including Puerto Rico, Guam, and Virgin Islands; United Kingdom","Live it Up brand Super Greens; Chlorella, Spirulina, Wheatgrass, Kale, Broccoli, Spinach, Barley grass, Moringa, Parsley; Whole food dietary supplement powder; 30 day supply; NET …"
spinach,H-0434-2026,2026-02-04,Class I,Completed,"SUPERFOODS, INC.","Nationwide, including Puerto Rico, Guam, and Virgin Islands; United Kingdom","a.) Live it Up brand Super Greens; Natural Wild Berry Flavor; Chlorella, Spirulina, Wheatgrass, Kale, Broccoli, Spinach, Barley grass, Moringa, Parsley; Whole food dietary supplem…"
spinach,H-0426-2026,2026-02-04,Class II,Terminated,"Prima Vera Nueva, Inc.","U.S. Distribution: CA, NV","Mushroom, Spinach & Salsa Tamales No Dairy Ingredients: Organic Corn Flour Masa, Mushrooms, Spinach, Tomatoes, Onions, Jalapenos, Non-hydrogenated Vegetable Shortning, Salt, Spice…"
spinach,H-0109-2026,2025-10-29,Class II,Terminated,SNO PAC FOODS INC,"CA, GA, IA, IN, MD, MI, MN, NM, OR, PA, TX, WI","Frozen Organic Spinach Net Wt. 10 oz (283.5g) poly bags packaged under the following brands: 1. Sno Pac Frozen Vegetables, UPC 0 24284-96910 5. Keep Frozen. Packed and Distributed…"
spinach,H-0110-2026,2025-10-29,Class II,Ongoing,Del Mar Food Products Corp.,U.S. Distribution: MN,"ORGANIC IQF CHOPPED SPINACH 35 lbs. Net Weight Product is not ready to eat. For food safety, cook to an internal temperature of 165 degrees F as measured with a food thermometer. …"
spinach,H-0134-2026,2025-10-22,Class II,Ongoing,Sprout Organics Inc.,"U.S. States: AZ, CA, CO, CT, FL, GA, HI, ID, IN, KY, LA, MA, MD, MI, MO, MS, MT, NC, NE, NH, NJ, NM, NV, NY, OH, PA, RI…","6+ Months SPROUT ORGANICS Made With Organic Sweet Potato, Apple & Spinach NET WT. 3.5 OZ (99g) INGREDIENTS: ORGANIC SWEET POTATOES, ORGANIC APPLES, ORGANIC SPINACH, WATER, ORGANIC…"
spinach,H-0243-2025,2025-07-16,Class II,Terminated,UNFI General Corporate,"NJ, NY, MD, DC, PA",1. USA/MEX OG2 SPINACH
spinach,F-1480-2024,2024-07-24,Class I,Terminated,Solata Food LLC,"NY, NJ, NH",1. Greens Farmer Direct Organic Chopped Kale Spinach; 6x9 bag; UPC: 854311007377 /
spinach,F-1476-2024,2024-07-24,Class I,Terminated,Solata Food LLC,"NY, NJ, NH",1. Greens Solata Spinach; 10x9 bag; UPC: 854311007391 / 2. Greens Full Circle Organic Baby Spinach; 6x10 Clamshell; UPC: 036800490512 / 3. Greens Solata Baby Spinach 6x10 clamshel…
spinach,F-0771-2024,2024-01-24,Class I,Completed,Fresh Express Incorpated,"The product was shipped to the following states: AL, FL, GA, NC, SC, TN & VA.","Spinach sold under the brand names of Fresh Express NET WT. 8 OZ (227G) UPC 0 71279 13204 4 FRESH EXPRESS INCORPORATED PO BOX 80399, SALINAS, CA 93912 & Publix NET WT 9 OZ (255g) …"
spinach,F-0480-2024,2023-12-06,Class I,Terminated,GreenGate Fresh LLLP,Total number of consignees that received the recall product: 8. Total number of distributors that received the recall p…,GreenGate Fresh Standard Cello Spinach; 4 - 2.5lb plastic bags per box; SKU 465; Perishable hence require refrigeration at all times of its shelflife
spinach,F-1375-2023,2023-08-16,Class II,Terminated,Bellingham Pasta Co,Distributed in WA.,"Semolina Spinach Fettuccine, net wt. 14oz. Product is packaged in a clear clamshell plastic container. Label declares: Fresh & Hand Crafted Bellingham Pasta Co. Ingredients Semoli…"
spinach,F-0317-2023,2023-02-01,Class II,Terminated,"Wegmans Food Markets, Inc.","MA, NY, PA, NJ, VA, Washington DC, DE, NC, MD",Wegmans Organic Baby Kale & Baby Spinach with Sweet Pea Leaves; 5 oz
spinach,F-0304-2023,2023-01-25,Class II,Terminated,"Superior Fresh, LLC","IN, PA, VA, WI","Superior Fresh Lettuce Blend Ingredients May Contain Red Leaf, Green Leaf, Green Romaine, Red Romaine, Red Oak Leaf, Green Oak Leaf, Butter lettuce, Arugula, spinach. Keep Refrige…"
spinach,F-0302-2023,2023-01-25,Class II,Terminated,"Superior Fresh, LLC","IN, PA, VA, WI","Superior Fresh Lettuce Blend Ingredients May Contain Red Leaf, Green Leaf, Green Romaine, Red Romaine, Red Oak Leaf, Green Oak Leaf, Butter lettuce, Arugula, Kale, Spinach, Mustar…"
spinach,F-1401-2022,2022-07-13,Class II,Terminated,Bix Produce Company LLC,WI,"Bix Produce Diced Spinach, Item # 15939. packaged in 2lb bags, with 5 bags per case"
spinach,F-0710-2022,2022-02-16,Class I,Terminated,Dole Fresh Vegetables Inc,"AL, AZ, CA, CT, FL, GA, IA, ID, IL, IN, KS, KY, LA, MA, MD, MI, MN, MO, MS, NC, ND, NE, NJ, NV, NY, OH, OK, OR, PA, SC,…",Marketside 5oz Organic Baby Spinach & Baby Kale Clamshell Product UPC 681131221290
spinach,F-0711-2022,2022-02-16,Class I,Terminated,Dole Fresh Vegetables Inc,"AL, AZ, CA, CT, FL, GA, IA, ID, IL, IN, KS, KY, LA, MA, MD, MI, MN, MO, MS, NC, ND, NE, NJ, NV, NY, OH, OK, OR, PA, SC,…",Marketside 5oz Organic Spinach Arugula Blend Clamshell Product UPC 681131532082
spinach,F-0719-2022,2022-02-16,Class I,Terminated,Dole Fresh Vegetables Inc,"AL, AZ, CA, CT, FL, GA, IA, ID, IL, IN, KS, KY, LA, MA, MD, MI, MN, MO, MS, NC, ND, NE, NJ, NV, NY, OH, OK, OR, PA, SC,…",Simply Nature 5oz Organic Baby Spinach and Arugula Clamshell Product UPC 4099100087994
spinach,F-0651-2022,2022-02-16,Class I,Terminated,Dole Fresh Vegetables Inc,"AL, AZ, CA, CT, FL, GA, IA, ID, IL, IN, KS, KY, LA, MA, MD, MI, MN, MO, MS, NC, ND, NE, NJ, NV, NY, OH, OK, OR, PA, SC,…",Ahold 6oz Baby Spinach Bag Product UPC 688267010965 Kroger 10oz Baby Spinach Clamshell Product UPC 011110910509 Kroger 1lb Organic Baby Spinach Clamshell Product UPC 111110911513 …
spinach,F-0179-2021,2020-12-16,Class I,Terminated,Veg Pro International Inc,"NY,NH, NJ, DE, CT,MA, MD, RI, VA & PA","1. Fresh Attitude Baby Spinach, 11 oz. 2. Fresh Attitude Baby Spinach, 5 oz."
spinach,F-1564-2020,2020-10-07,Class I,Terminated,"Spokane Produce, Inc.","distributed in ID, MT, OR, WA, and WY.","Item 80929 Basil-Spinach w/ Fresh Mozzarella, Refrigerated, net wt.6.38 LB, packaged in Cardboard Box."
strawberry,H-0563-2026,2026-03-18,Class I,Ongoing,Made Fresh Salads Inc,New York,Made Fresh Salads brand Strawberry Cream Cheese; 5 lb white plastic tub
strawberry,H-0063-2026,2025-10-22,Class I,Terminated,WHOLESALE PRODUCE SUPPLY LLC DBA,"IA, IL, ND, NE, WI","Cut Fresh Luau Blend Fruit Mix ""F&F"". 4/10 oz. Fresh & Finest. Contains: Cantaloupe, Honeydew, Pineapple, Red Grapes, Strawberry, Blueberry. Keep Refrigerated. UPC 0 70253-00572 5…"
strawberry,F-0059-2025,2024-10-30,Class II,Terminated,"Youngstown Grape Distributors, Inc.","CA, TX, WA, KY, NC, NY, IL, VA, AL, GA, KS, CT, MI, MA, PA, OH, MD, WI, ND, MO, TN, NE, KS, RI, MN, FL, SC, IN, NJ, IA,…","Happy Moose Juice Strawberry Field packaged in a plastic 12 fl. oz. bottle. Ingredients: Organic Apple Juice, Organic Orange Juice, Organic Strawberry Puree, Organic Beet Juice, O…"
strawberry,F-1388-2024,2024-06-26,Class I,Terminated,New Seasons Market LLC,Distributed in Oregon and Washington.,"New Seasons Market Strawberry Rhubarb Bakewell Tart, packaged in a plastic clamshell with scale label. Contains Milk, Wheat, Eggs."
strawberry,F-0574-2024,2023-12-20,Class II,Terminated,Ben E Keith Foods - Fort Worth,All products were shipped via truck to food services.,LEMON CHOICE MINI PK 34-44 CT; STRAWBERRY SLICED 4-1
strawberry,F-1262-2023,2023-07-26,Class I,Terminated,SunOpta Grains and Foods Inc.,Nationwide,"Good & Gather Organic cherries & berries fruit blend. Blueberries, dark sweet pitted cherries, tart pitted cherries & Strawberry slices. Net Wt 32 oz (2 lb) 907g, UPC 0 85239-0478…"
strawberry,F-1254-2023,2023-07-26,Class I,Terminated,"Scenic Fruit Company, LLC",Trader Joe s Organic Tropical Fruit Blend 16 oz. bags were distributed nationwide. Cadia Organic Pineapple 10oz. bags w…,"Trader Joe s Organic Tropical Fruit Blend Pineapple, Banana, Strawberry, Mango, SKU #051191, packaged in pillow bags. Each case consists of 24 bags and each bag is 16 oz. UPC on r…"
strawberry,F-1266-2023,2023-07-26,Class I,Terminated,SunOpta Grains and Foods Inc.,Nationwide,"Good & Gather Mango Strawberry Blend. Whole Strawberries, Mango chunks & Pineapple Chunks. Net Wt 48 oz (3lb) 1.36kg, UPC 0 85239-04803 0. Keep Frozen. Dist. By Target Corp, Minne…"
strawberry,F-1235-2023,2023-07-19,Class I,Terminated,Oregon Potato Company,"All products distributed in AR, AZ, CA, CO, HI, IA, ID, IL, IN, KS, KY, LA, MD, MI, MN, MO, MT, ND, NE, NV, NY, OH, OK,…","Rader Farms Organic Berry Trio Strawberry, Blackberry, Raspberry. Item # 105872. Frozen, packed into flexible plastic bags. Net wt. 3lbs. UPC on retail bag: 8 84038 85143 4. A tot…"
strawberry,F-0537-2023,2023-03-22,Class I,Terminated,"FRESH IDEATION FOOD GROUP, LLC dba Fresh Creative Cuisine","The recalled product was distributed to the following states: MD, PA, DE, NY, DC, NJ, NC, CT, SC, VA, MA .","Fresh Creative Cuisine, Fresh Cut Mango & Strawberry, Net . Wt. 7 Oz. Single Serving, Keep refrigerated"
strawberry,F-0102-2024,2023-03-22,Class I,Terminated,"FRESH IDEATION FOOD GROUP, LLC dba Fresh Creative Cuisine","The recalled product was distributed to the following states: MD, PA, DE, NY, DC, NJ, NC, CT, SC, VA, MA .","Quick & Fresh, Fresh Cut Mango & Strawberry, Net . Wt. 7 Oz. Single Serving, Keep refrigerated"
strawberry,F-0100-2024,2023-03-22,Class I,Terminated,"FRESH IDEATION FOOD GROUP, LLC dba Fresh Creative Cuisine","The recalled product was distributed to the following states: MD, PA, DE, NY, DC, NJ, NC, CT, SC, VA, MA .","Quick & Fresh, Fresh Cut Honeydew Melon & Strawberry, Net . Wt. 7 Oz. Single Serving, Keep refrigerated"
strawberry,F-0101-2024,2023-03-22,Class I,Terminated,"FRESH IDEATION FOOD GROUP, LLC dba Fresh Creative Cuisine","The recalled product was distributed to the following states: MD, PA, DE, NY, DC, NJ, NC, CT, SC, VA, MA .","Fresh Creative Cuisine White Label, Fresh Cut Mango & Strawberry, Net . Wt. 7 Oz. Single Serving, Keep refrigerated"
strawberry,F-1755-2022,2022-09-28,Class II,Terminated,"Russ Davis Wholesale, LLC","IA, MI, MN, ND, SD, WI","Strawberry & Pineapple. Packaged in the following brands and sizes: 1. Item 80640. Net Wt. 14 oz. Crazy Fresh 2. Item 80868. Net Wt 20 oz. Crazy Fresh, quick & easy, and grocery s…"
strawberry,F-1759-2022,2022-09-28,Class II,Terminated,"Russ Davis Wholesale, LLC","IA, MI, MN, ND, SD, WI","Broccoli, Carrot, Strawberry, Red Grape. Net Wt. 11 oz. Item 80820 Packaged under the following brands: Crazy Fresh, quick & easy, and grocery store branded."
strawberry,F-1763-2022,2022-09-28,Class II,Terminated,"Russ Davis Wholesale, LLC","IA, MI, MN, ND, SD, WI","Four Berry Blend containing Strawberry, Blackberry, Blueberry, Raspberry. Keep Refrigerated. Item 80847. Net Wt. 12 oz. packaged in the following brands: .Crazy Fresh, quick & eas…"
strawberry,F-1753-2022,2022-09-28,Class II,Terminated,"Russ Davis Wholesale, LLC","IA, MI, MN, ND, SD, WI","Strawberry, Kiwi, Mango. Packaged in the following brands and sizes: 1. Item 80595. Net Wt. 14 oz. Crazy Fresh 2. Item 80866. Net Wt 20 oz. Crazy Fresh, quick & easy, and grocery …"
strawberry,F-1765-2022,2022-09-28,Class II,Terminated,"Russ Davis Wholesale, LLC","IA, MI, MN, ND, SD, WI","Deluxe Fruit Bowl. Contains Pineapple, Cantaloupe, Honeydew, Watermelon, Kiwi, Strawberry. Keep Refrigerated. Item 80935. Net Wt. 3.5 lb. Packed under brands: Crazy Fresh, quick &…"
strawberry,F-1764-2022,2022-09-28,Class II,Terminated,"Russ Davis Wholesale, LLC","IA, MI, MN, ND, SD, WI","Kiwi, Strawberry. Keep Refrigerated. Packaged in the following brands and sizes: 1. Item 80850. Net Wt. 12 oz. Crazy Fresh, quick & easy, and grocery store branded. 2. Item 80871.…"
strawberry,F-1756-2022,2022-09-28,Class II,Terminated,"Russ Davis Wholesale, LLC","IA, MI, MN, ND, SD, WI","Strawberry Parfait, Net Wt. 6 oz (170 g) Keep Refrigerated. Packaged under the following brands: 1. Item 80730 Crazy Fresh, or quick & easy. UPC 95631-80730 2. Item 80735 Kowalski…"
strawberry,F-1766-2022,2022-09-28,Class II,Terminated,"Russ Davis Wholesale, LLC","IA, MI, MN, ND, SD, WI","Fruit Tray. Contains Honeydew, Pineapple, Cantaloupe, Red Grapes, Strawberry. Keep Refrigerated. Item 80902. Net Wt. 4 lb. Packed under brands: Crazy Fresh, quick & easy, and groc…"
strawberry,F-1762-2022,2022-09-28,Class II,Terminated,"Russ Davis Wholesale, LLC","IA, MI, MN, ND, SD, WI","Strawberry, Kiwi, Blueberry packaged in the following sizes and brands: 1. Item 80846. Net Wt. 12 oz. Keep Refrigerated. Crazy Fresh, quick & easy, and grocery store branded. 2. I…"
strawberry,F-1754-2022,2022-09-28,Class II,Terminated,"Russ Davis Wholesale, LLC","IA, MI, MN, ND, SD, WI","Strawberry, Blueberry, and Blackberry packaged in the following brands and sizes: 1. Item 80610. Triple Berry Blend Net Wt. 14 oz. Crazy Fresh 2. Item 80867. Triple Berry Blend Ne…"
strawberry,F-1313-2022,2022-06-22,Class II,Terminated,THISTLE HEALTH INC,"U.S. distribution to the following: CA, NV, OR, WA No foreign distribution.","Thistle Watermelon Berry Cold-Pressed Organic Juice watermelon strawberry lime chia 32 FL OZ (355 mL) Keep Refrigerated Distributed By: Thistle Health, Inc., Vacaville, CA 95688"
strawberry,F-1314-2022,2022-06-22,Class II,Terminated,THISTLE HEALTH INC,"U.S. distribution to the following: CA, NV, OR, WA No foreign distribution.",Thistle Tropical Limeade Cold-Pressed Organic Juice watermelon pineapple lime strawberry papaya activated charcoal 32 FL OZ (355 mL) Keep Refrigerated Distributed By: Thistle Heal…
strawberry,F-1067-2022,2022-05-25,Class III,Terminated,Driscoll's Inc.,"Product shipped to 13 DC's located in CA, TX, OR, IL, MD, FL, NC, WI","Driscoll's Blackberries (Fresh) 12x6 oz, 12x12 oz, 12x10 oz, 2x8x18 oz Clamshell Distributed by Strawberry Associated, Inc. Watsonville, CA Product of Mexico"
strawberry,F-0840-2022,2022-03-16,Class II,Terminated,"Chicago Sweet Connections, Inc.",Retail locations in IL and WI,Chicago Sweet Connections: Paczkis - Strawberry Flavor packaged in a clear plastic clamshell 4 pack
strawberry,F-0904-2021,2021-09-08,Class II,Terminated,Loffredo Fresh Gardens Inc. DBA Produce Innovations,"Distributed to retail stores in IA, IN, MO, MN, NE, OK, and TX.","Your Way Fresh, Sliced Banana + Strawberry Yogurt Parfait; Net wt. 6.25 oz (177 g); UPC 8 54426 00807 8; Distributed by Your Way Fresh, Newport Beach, CA, 12 cups per case;"
strawberry,F-0107-2021,2020-11-18,Class I,Terminated,Meijer Inc./Traffic Dept.,"Meijer stores in Michigan, Ohio, Indiana, Illinois, Kentucky and Wisconsin.","FRESH FROM MEIJER GS STRAWBERRY/PINEAPPLE CUP 6 OZ, 6oz Clear plastic container, UPC 219711302291"
sweet-potato,H-0134-2026,2025-10-22,Class II,Ongoing,Sprout Organics Inc.,"U.S. States: AZ, CA, CO, CT, FL, GA, HI, ID, IN, KY, LA, MA, MD, MI, MO, MS, MT, NC, NE, NH, NJ, NM, NV, NY, OH, PA, RI…","6+ Months SPROUT ORGANICS Made With Organic Sweet Potato, Apple & Spinach NET WT. 3.5 OZ (99g) INGREDIENTS: ORGANIC SWEET POTATOES, ORGANIC APPLES, ORGANIC SPINACH, WATER, ORGANIC…"
sweet-potato,F-1769-2022,2022-09-28,Class II,Terminated,"Russ Davis Wholesale, LLC","IA, MI, MN, ND, SD, WI","Riced Sweet Potato & Cauliflower. Keep Refrigerated. Item 80998. Net Wt. 12 oz. Packed under brands: Crazy Fresh, quick & easy, and grocery store branded."
tea,H-0853-2026,2026-05-20,Class I,Terminated,"Pure Ground Ingredients, Inc.",Distributed to CA.,"Pure Ground Ingredients-Organic Peppermint Leaf Powder. wholesale bulk; tea/food manufacturers. Closed container stored in a cool settings at ambient/room temperature, free of dir…"
tea,F-0109-2025,2024-11-13,Class III,Terminated,My Chai Inc,Nationwide,"MyChai Chai Tea Concentrate Super. Product is packaged in the same square 0.5 gallon HDPE plastic bottles and have volumes of 68 fl oz. Ingredients: Water, Sugar, Organic Black Te…"
tea,F-0108-2025,2024-11-13,Class III,Terminated,My Chai Inc,Nationwide,"MyChai Chai Tea Concentrate Double. Product is packaged in the same square 0.5 gallon HDPE plastic bottles and have volumes of 68 fl oz. Ingredients: Water, Sugar, Organic Black T…"
tea,F-1237-2024,2024-05-22,Class III,Terminated,"East West Tea Company, LLC",nationwide,"Organic Yogi Echinacea Immune Support, Caffeine Herbal Supplement, Serving Size 1 tea bag, 16 tea bags per pack, 4 packs per box. UPC on box: 0 76950 45010 3. CASE GTIN: 600769504…"
tea,F-1441-2020,2020-09-09,Class II,Terminated,Sundial Herbal Products,NY,"SUNDIAL PRINCESS ALMAZ Traditional ETHIOPIAN Organic SPICED TEA; ""***Improves circulation***eliminates gas stomach griping & cramps. Relieves acid reflux, coughs, flu, hay fever, …"
thyme,F-0116-2023,2022-11-09,Class I,Terminated,"Old Europe Cheese, Inc.",AR AZ CA CO FL GA IL IN LA MA MD MI MN MO NC NJ NY OH OR PA TX UT VA WA WI and Mexico,"FREDERICKS 8 oz Brie - triple cr¿me, rounds UPC 708820301214 FRESH THYME 8 oz Brie - triple cr¿me, rounds UPC 841330111987 HEINEN 8 oz Brie - triple cr¿me, rounds UPC 020601418028…"
thyme,F-0128-2021,2020-12-02,Class I,Terminated,High Quality Organics,"U.S distribution to the following: CA, WA, OR, PA, FL, and WI. No foreign distribution.","HQO High Quality Organics Organic Thyme Leaves, Whole Net Weight 30 lbs., 500 lbs. High Quality Organics 1201 Moya Boulevard Reno, Nevada 89506 Certified Organic by QAI"
thyme,F-1310-2020,2020-09-02,Class II,Terminated,"Wegmans Food Markets, Inc.","VA, NJ, MD, PA, NC, NY","Seasoned Whole Bronzini; by the lb.; whole bronzini with lemon, parsley, and thyme; packaged in an oven ready tray; package size varies; keep refrigerated"
thyme,F-0608-2020,2020-02-12,Class I,Terminated,"Almark Foods, LLC","Product was shipped to the following states: AL, AR, AZ, CA, CO, CT, DC, FL, GA, IA, IL, IN, KS, KY, LA, MA, MD, ME, MI…","Cage Free Hard-Cooked Eggs sold under the following brand names: Almark, Fresh Thyme, Giant Eagle, Kroger, Lucerne, Members Mark, Naturally Better, Rembrandt Foods & Shop Rite."
tomato,H-0564-2026,2026-03-18,Class I,Ongoing,Made Fresh Salads Inc,New York,Made Fresh Salads brand Sundried Tomato Cream Cheese; 5 lb white plastic tub
tomato,H-0085-2025,2025-07-02,Class II,Terminated,NatureMills US Incorporated,Product is distributed throughout the USA via the firm's website.,"Nature Mills Tomato Vadam, 100g"
tomato,H-0039-2025,2025-06-18,Class I,Terminated,"TGD Cuts, LLC","The recall product was distributed to the following States: MD, PA, NC, VA, NJ","Cucumber Sliced/Grape Tomato 50/2oz. Pack, 50 per case"
tomato,H-0038-2025,2025-06-18,Class I,Terminated,"TGD Cuts, LLC","The recall product was distributed to the following States: MD, PA, NC, VA, NJ","Cucumber Sliced/Grape Tomato 50/2oz. Pack, 50 per case"
tomato,F-1758-2022,2022-09-28,Class II,Terminated,"Russ Davis Wholesale, LLC","IA, MI, MN, ND, SD, WI","Tomato, Radish, Broccoli, Cauliflower. Net Wt. 11 oz. Item 80819 Packaged under the following brands: Crazy Fresh, quick & easy, and grocery store branded."
tomato,F-0997-2021,2021-09-29,Class II,Completed,"Sysco Atlanta, LLC","Product was shipped to the following states: GA, NC & TN.",IMPERIAL FRESH TOMATO ROMA DICED 3/8 TRAY 1/5lbs Plastic overwrap tray
tomato,F-0405-2021,2021-04-14,Class I,Ongoing,"Canteen Inc. dba MG Foods, Inc.","Product was shipped to the following states: GA, NC, SC & WV.","FRESH TO YOU Turkey & Sundried Tomato Mayo Pita, Net Wt. 8.29oz (235g), MG Foods Charlotte, NC 28208, UPC MGF9806"
tomato,F-0129-2021,2020-12-02,Class II,Terminated,The Neil Jones Food Company,Distributed in AZ and UT.,"Sysco Arrezzio 3/8"" Petite Diced Tomatoes in Tomato Puree, #7807458, each metal can has the net weight of 6.38 lbs. (2.89 kg). UPC 7 34730 21799 4. The label is read in parts: ""**…"
tuna-loin,F-1423-2024,2024-07-03,Class II,Terminated,Fresh Catch Inc,"CA only, no foreign distribution","Fresh Catch Inc. Yellowfin Tuna, 1 loin per case packaged in carboard boxes with keep refrigerated label"
tuna-loin,F-0524-2020,2020-01-29,Class II,Terminated,AQUABEST SEAFOOD LLC,Domestic and Foreign distribution,"Sea Mart Frozen Yellowfin Tuna Loin, CO treated, skinless, boneless, bloodline removed, center cut 5-8 lbs, 30 lb package"
vanilla,H-0369-2025,2025-08-06,Class II,Terminated,Reisman Bros Bakery,"NY, NJ, PA, MD, IL, CA, FL, MA, MI",Reisman's Vanilla Danish 3 oz.
vanilla,H-0365-2025,2025-08-06,Class II,Terminated,Reisman Bros Bakery,"NY, NJ, PA, MD, IL, CA, FL, MA, MI",Reisman's Vanilla Croissants 3 oz.
vanilla,F-0735-2024,2024-01-24,Class II,Terminated,"TreeHouse Foods, Inc.","Product Distributed to the following states: AL, AZ, AR,CA,CO,CT,DE,FL,GA,ID,IL,IN,IA,KS,KY,LA,ME,MD,MA,MI,MN,MS,MO,NH,…",Rise Brewing 32oz Organic Vanilla Oatmilk
vanilla,F-0521-2024,2023-12-20,Class I,Completed,WILCOX ICE CREAM,"VT, NH, MA, and NY.",Wilcox Yogurt - Vanilla; Pint (UPC 04372600699)
vanilla,F-1629-2022,2022-09-07,Class I,Terminated,"Lyons Magnus, Inc",Nationwide,MRE Vanilla Protein Shake. Whole Food Protein High protein shake. 11 FL OZ (325mL) Tetra Pak. UPC 8 10044-57390 9. 4-count case UPC 810044573954. Refrigerate after Opening. Distri…
vanilla,F-0296-2022,2021-12-29,Class II,Terminated,GIVE AND GO,Nationwide,two-bite vanilla cupcakes 10 oz. UPC 7 70981 03109 5 284 g UPC 7 70981 73109 4 Bakery Fresh Goodness mini vanilla cupcakes 10 oz. UPC 0 11110 18230 2 NL Vanilla cupcakes 12PK - Ev…
vanilla,F-0747-2021,2021-06-16,Class I,Terminated,Arizona Nutritional Supplements,Nationwide.,"365 Everyday Value Whey Protein Powder Natural Vanilla Flavor, Net Wt. 13.9 oz. canisters, UPC 9948228764, Whole Foods Market 550 Bowie Street Austin, TX 78703. Store in a cool, d…"
vanilla,F-1510-2020,2020-09-23,Class I,Terminated,"Wegmans Food Markets, Inc.","MD, MA, NJ, NY, NC, PA, VA",Wegmans Vanilla Trifle; 9oz; UPC 7789080600
vanilla,F-0906-2020,2020-04-01,Class III,Terminated,"Organic By Nature, Inc.","nationwide, Canada and Netherlands",Touchstone Essentials Organic Super Protein Vanilla Coconut; Whole Food Dietary Supplement; Net Wt. 18.3 oz. (520g) Plastic Bottle; Finished Product Item#: FTEVPVC520G Manufacture…
vanilla,F-0894-2020,2020-04-01,Class III,Terminated,"Organic By Nature, Inc.","nationwide, Canada and Netherlands","Alkamind Creamy Vanilla Organic Daily Protein; 450g Plastic Bottle; Finished Product Item # FAMVDP450G; 3 core alkaline proteins Distributed by Alkamind LLC, New York, NY 10028"
vegetable-oil,H-0525-2026,2026-03-04,Class III,Terminated,TENGEN USA TRADING CORP,"NY, PA, FL, LA, TX","YO!MAN CUCUMBER (FRESH HUNAN FLAVOR); Ingredients: Cucumber, chili pepper, edible vegetable oil, salt, water, sugar, brewing vinegar, food additives (monosodium glutamate, sodium …"
walnut,H-0566-2026,2026-03-18,Class I,Ongoing,Made Fresh Salads Inc,New York,Made Fresh Salads brand Walnut Raisin Cream Cheese; 5 lb white plastic tub
walnut,F-1618-2023,2023-10-04,Class II,Terminated,"Lipari Foods Operating Company, LLC.","FL, IL, IN, KY, OH, WI","IO Inspired Organics Organic Raw Walnuts, 5oz bag, UPC 8 63669 74200 7, 9 bags per wholesale case"
walnut,F-1459-2023,2023-08-23,Class III,Terminated,"Lipari Foods Operating Company, LLC.","AL, FL, IL, IN, KY, MI, NY, OH, PA, WI, and WY","IO Inspired Organics brand Organic Raw Walnut Halves & Pieces; 7oz plastic tubs; 9 packages per wholesale case; retail UPC 863669740065, Lipari #943469"
walnut,F-1340-2023,2023-08-09,Class II,Terminated,"Houston Pecan Company, Inc",Texas and internet sales,"Breakfast Treats, Sliced Almonds, Walnuts & Dark Raisins packaged in 5 pound bags"
walnut,F-1737-2022,2022-09-28,Class I,Terminated,Scone Ranger Inc,Distributed in WA,"Maple Walnut Vegan Scones. Product distributed in bulk cases and it is sold directly to consumers. The ingredients statement is read in parts: ""***Maple Walnut Vegan Scones *** Al…"
walnut,F-0983-2021,2021-09-22,Class II,Terminated,"Andersen & Sons Shelling, Inc.","U.S. distribution to the following: CT, NH. NY. RI, VT, ME, and MA. No foreign distribution.","Trader Joe's Nuts Raw California Walnut Baking Pieces NET WT. 16 OZ (1 LB) 454g SKU# 51934-89685 UPC 0051 9342 Contains Walnuts Dist & Sold Exclusive By: Trader Joe's, Monrovia, C…"
walnut,F-0621-2020,2020-02-12,Class I,Terminated,"Almark Foods, LLC","Product was shipped to the following states: AL, AR, AZ, CA, CO, CT, DC, FL, GA, IA, IL, IN, KS, KY, LA, MA, MD, ME, MI…","PECKISH PERFECTLY BOILED FREE RANGE ORGANIC Egg Maple Walnut Flavor Distributed by PECKISH, LLC, Sonoma, CA 95476"
watermelon,H-0065-2026,2025-10-22,Class I,Terminated,WHOLESALE PRODUCE SUPPLY LLC DBA,"IA, IL, ND, NE, WI","Cut Fresh Melon Mix. Contains: Cantaloupe, Honeydew, Watermelon. Keep Refrigerated. Packed under the following brands and sizes: 1. Melon Mix ""HC"" 4/16 oz. Harvest Cuts UPC 7 9062…"
watermelon,H-0066-2026,2025-10-22,Class I,Terminated,WHOLESALE PRODUCE SUPPLY LLC DBA,"IA, IL, ND, NE, WI","Cut Fresh Fruit Mix. Contains: Cantaloupe, Honeydew, Watermelon and Red Grapes. Keep Refrigerated. Packed under the following brands and sizes: 1. Fruit Mix CHWG (MCT) 1/5 lb. UPC…"
watermelon,F-1765-2022,2022-09-28,Class II,Terminated,"Russ Davis Wholesale, LLC","IA, MI, MN, ND, SD, WI","Deluxe Fruit Bowl. Contains Pineapple, Cantaloupe, Honeydew, Watermelon, Kiwi, Strawberry. Keep Refrigerated. Item 80935. Net Wt. 3.5 lb. Packed under brands: Crazy Fresh, quick &…"
watermelon,F-1313-2022,2022-06-22,Class II,Terminated,THISTLE HEALTH INC,"U.S. distribution to the following: CA, NV, OR, WA No foreign distribution.","Thistle Watermelon Berry Cold-Pressed Organic Juice watermelon strawberry lime chia 32 FL OZ (355 mL) Keep Refrigerated Distributed By: Thistle Health, Inc., Vacaville, CA 95688"
watermelon,F-1314-2022,2022-06-22,Class II,Terminated,THISTLE HEALTH INC,"U.S. distribution to the following: CA, NV, OR, WA No foreign distribution.",Thistle Tropical Limeade Cold-Pressed Organic Juice watermelon pineapple lime strawberry papaya activated charcoal 32 FL OZ (355 mL) Keep Refrigerated Distributed By: Thistle Heal…
watermelon,F-0970-2022,2022-04-13,Class I,Terminated,"Fruit Fresh Up, Inc.","NY, MA, PA",1. Wegmans 10oz Watermelon Chunks 2. Wegmans 32oz Watermelon Chunks 3.Fresh Harvest 18oz Watermelon Chunks 4. Tops Large Watermelon BBD: 3/5/22 to BBD: 3/22/22 5. Tops Small Water…
yam,H-0259-2026,2025-12-17,Class I,Terminated,CHETAK NEW YORK LLC,United States,Deep-brand Premium Select Ratalu Sliced Violet Indian Yams KEEP FROZEN Net Wt. 12 oz. (340 g)
yeast,F-0993-2021,2021-09-29,Class II,Completed,"Sysco Atlanta, LLC","Product was shipped to the following states: GA, NC & TN.",FLEISCHMANN'S YEAST COMPRESSED FRESH ESL 24/1lbs Paper/Foil overwrap
yellow-squash,F-0149-2025,2024-12-04,Class II,Terminated,Pero Family Farms Food Company LLC,"Domestic distribution only: FL, MO, IL, VA","Pero Family Farms Squash Sliced Zucchinni & Yellow Squash, Net Wt. 11oz (311g) Plastic Tray, 4 trays per carton, Microwavable Tray, Keep Refrigerated. UPC 874896009764"
yellow-squash,F-1683-2024,2024-08-14,Class I,Terminated,Wiers Farm Inc,"CT, DE, IL, IN, KY, ME, MD, MI, MO, NJ, NY, NC, OH, PA, RI, TN, VA, WV",Wiers Farm - Organic Yellow Squash packaged into 2 count trays - cases dependent on customer
yellow-squash,F-1793-2022,2022-10-05,Class I,Terminated,Southeast Processing Ltd,Product was shipped to GA & SC.,"Yellow Squash sold as Bulk, Diced, Half Moon Sliced, Julienne and Planks (Product codes 168-173)"
yogurt,F-0870-2024,2024-02-21,Class II,Terminated,Lydia Pack 3 Inc,Distributed in OR and WA.,"Al Amir Fresh Foods Tzatziki Cucumber Yogurt, packaged in round plastic clear container, net wt. 8oz. There are 12 containers per case. UPC on 8oz container: 8 55134 12351 3. The …"
yogurt,F-0521-2024,2023-12-20,Class I,Completed,WILCOX ICE CREAM,"VT, NH, MA, and NY.",Wilcox Yogurt - Vanilla; Pint (UPC 04372600699)
yogurt,F-0904-2021,2021-09-08,Class II,Terminated,Loffredo Fresh Gardens Inc. DBA Produce Innovations,"Distributed to retail stores in IA, IN, MO, MN, NE, OK, and TX.","Your Way Fresh, Sliced Banana + Strawberry Yogurt Parfait; Net wt. 6.25 oz (177 g); UPC 8 54426 00807 8; Distributed by Your Way Fresh, Newport Beach, CA, 12 cups per case;"
yogurt,F-0905-2021,2021-09-08,Class II,Terminated,Loffredo Fresh Gardens Inc. DBA Produce Innovations,"Distributed to retail stores in IA, IN, MO, MN, NE, OK, and TX.","Your Way Fresh, Greek Yogurt + Peach Parfait; Net wt. 6.25 oz (177 g); UPC 8 54426 00809 2; Distributed by Your Way Fresh, Newport Beach, CA, 12 cups per case;"
yogurt,F-0353-2021,2021-03-31,Class I,Terminated,"Western Mixers Produce & Nuts, Inc.",CA Only,"Gelson's Yogurt Raisins, Plastic Clamshell Container NET WT 14 oz. (397g) UPC: 7 97565 20470 6 Contains: Milk, Soy. Packed in a facility that handles Peanuts, Tree Nuts, Wheat, So…"
zucchini,F-1684-2024,2024-08-14,Class I,Terminated,Wiers Farm Inc,"CT, DE, IL, IN, KY, ME, MD, MI, MO, NJ, NY, NC, OH, PA, RI, TN, VA, WV",Wiers Farm - Organic Zucchini Squash packaged into 2 count trays - cases dependent on customer
zucchini,F-1047-2022,2022-05-04,Class I,Completed,World Variety Produce Inc dba Melissa's,"Product shipped to Walmart DC's in Arizona, Arkansas, Illinois, Indiana, Iowa, Kansas, Kentucky, Louisiana, Michigan, M…",Organic Marketside Zucchini 2 Count packages/8 per case Ingredients: Organic Zucchini New WT. 6 oz. (170g) UPC: 6-81131-22105-4 Perishable Keep Refrigerated Clear plastic overwrap…
zucchini,F-0130-2022,2021-11-17,Class II,Terminated,E-Z Spuds Inc,"Manufacturers and Food service establishments in the Chicago, IL metro area","E-Z Spuds Inc. 30# Zucchini Diced 3/8"""
zucchini,F-0710-2020,2020-02-26,Class II,Terminated,"Hart Freeze Pack, LLC","CA, OH","3/8"" diced IQF zucchini in 45 pound poly lined carton"
